Nome Format,Tipologia,Logistica,Metodo di calcolo,Pricing,Target Ideale,Vibe / Emozione,Sales Hook,Social,Novità ,Ranking,Max Pax,Durata Min,Durata Max,Durata Ideale,Descrizione Breve,Formazione,Note,Link website page,link pdf ita,link ppt ita,Link pdf eng,Link ppt eng
5ensi,Sensoriale / Cena,Durante i pasti,Standard,80,"Gruppi Internazionali, Cene Relax","Relax, Sensoriale, Scoperta",Un viaggio sensoriale dove le parole non servono: contano solo le percezioni.,no,no,2,Illimitato,1,2,"1,5",Sfida a squadre basata sull'uso dei 5 sensi per riconoscere oggetti e sapori.,High,,https://www.teambuilding.it/project/5ensi/,https://teambuilding.it/preventivi/schede/ita/5ensi - TeamBuilding-it.pdf,https://teambuilding.it/preventivi/schede/ita/5ensi - TeamBuilding-it.pptx,https://teambuilding.it/preventivi/schede/eng/5ensi - TeamBuilding-it-eng.pdf,https://teambuilding.it/preventivi/schede/eng/5ensi - TeamBuilding-it-eng.pptx
Actors Studio,Teatrale / Creativo,Indoor,Standard,70,"Team Commerciali, Estroversi","Creatività , Risate, Espressione","Luci, camera, azione! Mettete in scena il talento nascosto del vostro team.",si,no,4,Illimitato,3,6,4,"I partecipanti scrivono, costumano e recitano brevi scene teatrali o spot.",High,,https://www.teambuilding.it/project/actors-studio/,https://teambuilding.it/preventivi/schede/ita/Actors Studio - TeamBuilding-it.pdf,https://teambuilding.it/preventivi/schede/ita/Actors Studio - TeamBuilding-it.pptx,https://teambuilding.it/preventivi/schede/eng/Actors Studio - TeamBuilding-it-eng.pdf,https://teambuilding.it/preventivi/schede/eng/Actors Studio - TeamBuilding-it-eng.pptx
Affresco,Creativo / Artistico,Indoor / Outdoor,Standard,75,"Team Creativi, Grandi Gruppi","Creatività , Collaborazione Pura, Relax","Ogni pennellata è unica, ma è l'insieme che crea il capolavoro aziendale.",no,no,4,Illimitato,"1,5",3,2,Creazione di un grande dipinto collettivo su pannelli che formano un'unica opera.,medium,,https://www.teambuilding.it/project/affresco/,https://teambuilding.it/preventivi/schede/ita/Affresco - TeamBuilding-it.pdf,https://teambuilding.it/preventivi/schede/ita/Affresco - TeamBuilding-it.pptx,https://teambuilding.it/preventivi/schede/eng/Affresco - TeamBuilding-it-eng.pdf,https://teambuilding.it/preventivi/schede/eng/Fresco - TeamBuilding-it-eng.pptx
Agility Dog,Sociale / Costruzione,Outdoor,Standard,90,"Amanti animali, Team Empatici","Cuore, Natura, Empatia",Costruire per i nostri amici a 4 zampe: un team building che fa scodinzolare il cuore.,no,si,2,50,2,3,"2,5",Costruzione di un percorso a ostacoli per cani e dimostrazione finale con addestratori.,low,,https://www.teambuilding.it/project/agility-dog/,https://teambuilding.it/preventivi/schede/ita/Agility Dog - TeamBuilding-it.pdf,https://teambuilding.it/preventivi/schede/ita/Agility Dog - TeamBuilding-it.pptx,https://teambuilding.it/preventivi/schede/eng/Agility Dog - TeamBuilding-it-eng.pdf,https://teambuilding.it/preventivi/schede/eng/Agility Dog - TeamBuilding-eng.pptx
AI TeamBuilders,Tech / AI,Indoor,Standard,80,"Marketing, IT, Gen-Z, Innovatori","Innovazione, Futuro, Visionario",Il futuro è adesso: collaborate con l'Intelligenza Artificiale per creare l'impossibile.,no,si,5,Illimitato,2,3,"2,5",Utilizzo dell'intelligenza artificiale per ideare e creare nuovi format o prodotti.,High,,https://www.teambuilding.it/project/ai-team-builders/,https://teambuilding.it/preventivi/schede/ita/AI - Costruire un Teambuilding - TeamBuilding-it.pdf,https://teambuilding.it/preventivi/schede/ita/AI - Costruire un Teambuilding - TeamBuilding-it.pptx,https://teambuilding.it/preventivi/schede/eng/AI TeamBuilders - TeamBuilding-it-eng.pdf,https://teambuilding.it/preventivi/schede/eng/AI - Teambuilders - TeamBuilding-it - eng.pptx
Aliante,Esperienziale / Volo,Outdoor,Standard,700,"Board Direzionale, Top Management","Adrenalina, Esclusività , Libertà",Cambiate prospettiva e puntate in alto: un'esperienza di volo esclusiva e indimenticabile.,no,no,1,50,4,8,6,"Giornata in aeroclub con montaggio aliante, simulatore e prova di volo reale.",High,"Si svolge solo a Bergamo in giornate prive di vento. Format complesso da organizzare, ma eccezionale, di impatto e molto adatto a scopi formativi.",https://www.teambuilding.it/project/aliante/,https://teambuilding.it/preventivi/schede/ita/Aliante - TeamBuilding-it.pdf,https://teambuilding.it/preventivi/schede/ita/Aliante - TeamBuilding-it.pptx,https://teambuilding.it/preventivi/schede/eng/Aliante - TeamBuilding-it-eng.pdf,https://teambuilding.it/preventivi/schede/eng/Glider - TeamBuilding-it-eng.pptx
Animal House,Sociale / Costruzione,Indoor / Outdoor,Standard,95,"Team Empatici, CSR","Cuore, Manualità , Utilità",Date una casa a chi non ce l'ha: manualità  e cuore al servizio degli animali.,si,si,3,Illimitato,1,3,2,Costruzione e decorazione di cucce e casette per animali da donare a canili/gattili.,Medium,,https://www.teambuilding.it/project/animal-house/,https://teambuilding.it/preventivi/schede/ita/Animal House - TeamBuilding-it.pdf,https://teambuilding.it/preventivi/schede/ita/Animal House - teamBuilding-it.pptx,https://teambuilding.it/preventivi/schede/eng/Animal House - TeamBuilding-it-eng.pdf,https://teambuilding.it/preventivi/schede/eng/Animal House - teamBuilding-it-eng.pptx
AperiBuilding,Culinario / Aperitivo,Indoor / Outdoor,Standard,90,"Gruppi misti, Ice-breaking","Convivialità , Gusto, Relax","Non il solito aperitivo, ma quello creato dalle vostre mani: shake your team!",no,no,4,Illimitato,1,"2,5","1,5",Sfida culinaria per la creazione del miglior finger food e cocktail abbinato.,low,,https://www.teambuilding.it/project/aperibuilding/,https://teambuilding.it/preventivi/schede/ita/AperiBuilding - TeamBuilding-it.pdf,https://teambuilding.it/preventivi/schede/ita/AperiBuilding - TeamBuilding-it.pptx,https://teambuilding.it/preventivi/schede/eng/AperiBuilding - TeamBuilding-it-eng.pdf,https://teambuilding.it/preventivi/schede/eng/AperiBuilding - TeamBuilding-it-eng.pptx
Auto Smash,Antistress,Outdoor,Standard,120,"Team sotto pressione, Sales","Adrenalina, Sfogo, Potenza",Avete avuto un anno stressante? E' il momento di distruggere tutto (letteralmente).,no,no,2,50,"0,5","1,5",1,Demolizione controllata di un'auto vera con mazze e martelli in totale sicurezza.,low,,https://www.teambuilding.it/project/auto-smash/,https://teambuilding.it/preventivi/schede/ita/autosmash - TeamBuilding-it.pdf,https://teambuilding.it/preventivi/schede/ita/autosmash - TeamBuilding-it.pptx,https://teambuilding.it/preventivi/schede/eng/Auto Smash - TeamBuilding-it-eng.pdf,https://teambuilding.it/preventivi/schede/eng/autosmash - TeamBuilding- eng.pptx
Ballando,Danza / Show,Indoor,Standard,95,"Estroversi, Party Aziendali","Energia, Risate, Movimento",Il ritmo che unisce: scendete in pista e coordinatevi a tempo di musica.,no,no,2,Illimitato,"1,5",3,2,Preparazione di una coreografia di ballo di gruppo con esibizione finale.,low,,https://www.teambuilding.it/project/ballando/,https://teambuilding.it/preventivi/schede/ita/Ballando - TeamBuilding-it.pdf,https://teambuilding.it/preventivi/schede/ita/Ballando - TeamBuilding-it.pptx,https://teambuilding.it/preventivi/schede/eng/Ballando - TeamBuilding-it-eng.pdf,https://teambuilding.it/preventivi/schede/eng/Dancing Challenge - TeamBuilding-it-eng.pptx
Beach Club,Sportivo / Giochi,Outdoor,Standard,75,"Giovani, Sportivi, Summer Party","Sole, Competizione, Divertimento","Sole, mare e sana competizione: le olimpiadi da spiaggia per ricaricare le batterie.",no,no,4,Illimitato,2,4,3,"Torneo di giochi da spiaggia (volley, bocce, castelli di sabbia, ecc.) in riva al mare.",low,,https://www.teambuilding.it/project/beach-club/,https://teambuilding.it/preventivi/schede/ita/Beach Club - TeamBuilding-it.pdf,https://teambuilding.it/preventivi/schede/ita/Beach Club - TeamBuilding-it.pptx,https://teambuilding.it/preventivi/schede/eng/Beach Club - TeamBuilding-it-eng.pdf,https://teambuilding.it/preventivi/schede/eng/Beach Club - TeamBuilding-it-eng.pptx
Bike Building,Sociale / Costruzione,Indoor,Standard,100,"Tutti i reparti, CSR","Cuore, Meccanica, Sorpresa",Avvitare un bullone non è mai stato cosà emozionante: costruite un sorriso per un bambino.,si,no,5,Illimitato,1,2,"1,5",Montaggio di biciclette da zero che verranno donate in beneficenza a fine evento.,High,,https://www.teambuilding.it/project/bike-building/,https://teambuilding.it/preventivi/schede/ita/Bike Building - TeamBuilding-it.pdf,https://teambuilding.it/preventivi/schede/ita/Bike Building - TeamBuilding-it.pptx,https://teambuilding.it/preventivi/schede/eng/Bike Building - TeamBuilding-it-eng.pdf,https://teambuilding.it/preventivi/schede/eng/Bike Building - TeamBuilding-it-eng.pptx
Bootcamp,Avventura / Sport,Outdoor,Standard,85,"Sportivi, Team ""aggressivi""","Adrenalina, Fatica, Superamento Limiti",Oltre ogni limite: addestramento militare per forgiare un carattere di ferro.,no,no,5,Illimitato,3,6,4,Percorso di sopravvivenza e prove fisiche/logiche ispirate all'addestramento militare.,High,,https://www.teambuilding.it/project/bootcamp/,https://teambuilding.it/preventivi/schede/ita/Bootcamp - TeamBuilding-it.pdf,https://teambuilding.it/preventivi/schede/ita/Bootcamp - TeamBuilding-it.pptx,https://teambuilding.it/preventivi/schede/eng/Bootcamp - TeamBuilding-it-eng.pdf,https://teambuilding.it/preventivi/schede/eng/Bootcamp - TeamBuilding-it-eng.pptx
Caccia all'uomo,Urban Game / Avventura,Outdoor,Standard,80,"Sportivi, team agguerriti","Sport, velocità, rapidità, competizione",Caccia all’uomo è il team building che trasforma la città in un set da thriller.,no,si,4,Illimitato,1,4,"2,5",Inseguite e catturate un personaggio misterioso in città.,low,,https://www.teambuilding.it/project/caccia-alluomo/,https://teambuilding.it/preventivi/schede/ita/Caccia all'uomo - TeamBuilding-it.pdf,https://teambuilding.it/preventivi/schede/ita/Caccia all'uomo - TeamBuilding-it.pptx,https://teambuilding.it/preventivi/schede/eng/Caccia all'uomo - TeamBuilding-it-eng.pdf,https://teambuilding.it/preventivi/schede/eng/Manhunt - TeamBuilding-it - eng.pptx
Candid Camera,Creativo / Urban,Outdoor,Standard,85,"Team Commerciali, Estroversi","Risate, Faccia tosta, Creatività ",Siete pronti a metterci la faccia? Il team building più irriverente di sempre.,no,no,3,150,"2,5",4,3,I team ideano e realizzano scherzi divertenti ai passanti filmandoli di nascosto.,low,,https://www.teambuilding.it/project/candid-camera/,https://teambuilding.it/preventivi/schede/ita/Candid Camera - TeamBuilding-it.pdf,https://teambuilding.it/preventivi/schede/ita/Candid Camera - TeamBuilding-it.pptx,https://teambuilding.it/preventivi/schede/eng/Candid Camera - TeamBuilding-it-eng.pdf,https://teambuilding.it/preventivi/schede/eng/Candid Camera - TeamBuilding-it-eng.pptx
Cardboard World,Costruzione / Creativo,Indoor,Standard,80,"Ingegneri, Grandi Gruppi","Creatività , Visione, Costruzione",Date forma alle vostre idee: costruiamo un mondo intero usando solo cartone e ingegno.,no,no,3,1000+,2,3,"2,5","Costruzione di strutture, mobili o scenari utilizzando solo cartone e creatività .",medium,,https://www.teambuilding.it/project/cardboard-world/,https://teambuilding.it/preventivi/schede/ita/Cardboard World - TeamBuilding-it.pdf,https://teambuilding.it/preventivi/schede/ita/Cardboard World - TeamBuilding-it.pptx,https://teambuilding.it/preventivi/schede/eng/Cardboard World - TeamBuilding-it-eng.pdf,https://teambuilding.it/preventivi/schede/eng/Cardboard World - TeamBuilding-it-eng.pptx
Carton Boat,Costruzione / Sport,Outdoor (Acqua),Standard,70,"Giovani, Sportivi, Summer Party","Risate, Sfida, Ingegno",La sfida navale definitiva: galleggerà  o affonderà? L'ingegno al potere.,no,no,4,Illimitato,2,3,"2,5",Costruzione di barche di cartone che devono realmente galleggiare e gareggiare in acqua.,medium,,https://www.teambuilding.it/project/carton-boat/,https://teambuilding.it/preventivi/schede/ita/Carton Boat - TeamBuilding-it.pdf,https://teambuilding.it/preventivi/schede/ita/Carton Boat - TeamBuilding-it.pptx,https://teambuilding.it/preventivi/schede/eng/Carton Boat - TeamBuilding-it-eng.pdf,https://teambuilding.it/preventivi/schede/eng/Carton Boat - TeamBuilding-it-eng.pptx
Cartoon Car Race,Costruzione / Gara,Indoor / Outdoor,Standard,80,"Tutti i reparti, Creativi","Risate, Competizione, Colore",Tornare bambini per correre veloci: costruisci il tuo bolide e vinci la gara più pazza.,no,no,5,Illimitato,2,3,"2,5",Costruzione e gara di auto a spinta realizzate in cartone e legno in stile cartoon.,medium,,https://www.teambuilding.it/project/cartoon-car-race/,https://teambuilding.it/preventivi/schede/ita/Cartoon Car Race - TeamBuilding-it.pdf,https://teambuilding.it/preventivi/schede/ita/Cartoon Car Race - TeamBuilding-it.pptx,https://teambuilding.it/preventivi/schede/eng/Cartoon Car Race - TeamBuilding-it-eng.pdf,https://teambuilding.it/preventivi/schede/eng/Cartoon Car Race - TeamBuilding-it-eng.pptx
Casinò,Intrattenimento,Indoor / Cena,Standard,85,"Cene di Gala, Clienti VIP","Lusso, Gioco, Eleganza","L'eleganza di Montecarlo al vostro evento: fate il vostro gioco, rien ne va plus!",si,no,2,Illimitato,"1,5",3,2,"Simulazione di una sala da gioco con tavoli reali (roulette, black jack) e croupier.",low,,https://www.teambuilding.it/project/casino/,https://teambuilding.it/preventivi/schede/ita/Casino - TeamBuilding-it.pdf,https://teambuilding.it/preventivi/schede/ita/Casino - TeamBuilding-it.pptx,https://teambuilding.it/preventivi/schede/eng/CasinÃ² - TeamBuilding-it-eng.pdf,https://teambuilding.it/preventivi/schede/eng/Casino - TeamBuilding-it-eng.pptx
Caterpillar,Guida / Heavy,Outdoor,Standard,300,"Uomini, Settore Edilizio/Tech","Potenza, Precisione, Wow Factor",Mettetevi alla guida di veri giganti d'acciaio: potenza grezza sotto il vostro controllo.,no,no,2,50,3,4,"3,5",Prova di abilità  e guida utilizzando veri mezzi pesanti da cantiere (escavatori).,low,,https://www.teambuilding.it/project/caterpillar-day/,https://teambuilding.it/preventivi/schede/ita/Caterpillar - TeamBuilding-it.pdf,https://teambuilding.it/preventivi/schede/ita/Caterpillar - TeamBuilding-it.pptx,https://teambuilding.it/preventivi/schede/eng/Caterpillar - TeamBuilding-it-eng.pdf,https://teambuilding.it/preventivi/schede/eng/Caterpillar - TeamBuilding-it-eng.pptx
Caterpillar Zone,Costruzione / Tech,Indoor / Outdoor,Standard,95,"Appassionati Tech, Modellismo","Precisione, Tecnica, Gioco",Un cantiere in miniatura dove la precisione millimetrica guida il successo del team.,no,no,3,100,2,3,"2,5",Sfida di costruzione e manovra in un cantiere in miniatura con mezzi radiocomandati.,low,,https://www.teambuilding.it/project/caterpillar-zone/,https://teambuilding.it/preventivi/schede/ita/Caterpillar Zone - TeamBuilding-it.pdf,https://teambuilding.it/preventivi/schede/ita/Caterpillar Zone - TeamBuilding-it.pptx,https://teambuilding.it/preventivi/schede/eng/Caterpillar Zone - TeamBuilding-it-eng.pdf,https://teambuilding.it/preventivi/schede/eng/Caterpillar Zone - TeamBuilding-it - eng.pptx
Cena con Delitto,Investigativo / Cena,Durante i pasti,flat,-,"Cene Aziendali, Gruppi Analitici","Mistero, Intrigo, Coinvolgimento","Il crimine è servito: tra una portata e l'altra, scoprite l'assassino seduto accanto a voi.",no,no,4,Illimitato,2,3,"2,5",Spettacolo teatrale interattivo dove i commensali devono scoprire il colpevole di un crimine.,low,,https://www.teambuilding.it/project/cena-con-delitto/,https://teambuilding.it/preventivi/schede/ita/Cena con delitto - TeamBuilding-it.pdf,https://teambuilding.it/preventivi/schede/ita/Cena con delitto - TeamBuilding-it.pptx,https://teambuilding.it/preventivi/schede/eng/Cena con Delitto - TeamBuilding-it-eng.pdf,https://teambuilding.it/preventivi/schede/eng/Dinner with Murder - TeamBuilding-it-eng.pptx
Chain Reaction,Costruzione / Logica,Indoor,Standard,75,"Ingegneri, Project Manager","Logica, Pazienza, Wow Effect",Ogni piccola azione conta: create la reazione a catena perfetta per unire i reparti.,no,no,5,Illimitato,2,3,"2,5",Costruzione di un complesso meccanismo a catena dove ogni pezzo innesca il successivo.,high,,https://www.teambuilding.it/project/chain-reaction/,https://teambuilding.it/preventivi/schede/ita/Chain Reaction - TeamBuilding-it.pdf,https://teambuilding.it/preventivi/schede/ita/Chain Reaction - Teambuilding-it.pptx,https://teambuilding.it/preventivi/schede/eng/Chain Reaction - TeamBuilding-it-eng.pdf,https://teambuilding.it/preventivi/schede/eng/Chain Reaction - TeamBuilding-it-eng.pptx
Christmas Escape,Enigmi / Cena,Durante i pasti,standard,75,Cene di Natale,"Logica, Festa, Mistero",Salvate il Natale risolvendo gli enigmi prima che arrivi il dolce!,no,no,3,Illimitato,"1,5","2,5",2,Escape room a tema natalizio con enigmi da risolvere al tavolo per aprire un lucchetto.,low,,https://www.teambuilding.it/project/christmas-escape/,https://teambuilding.it/preventivi/schede/ita/Christmas Escape - TeamBuilding-it.pdf,https://teambuilding.it/preventivi/schede/ita/Christmas Escape - TeamBuilding-it.pptx,https://teambuilding.it/preventivi/schede/eng/Christmas Escape - TeamBuilding-it-eng.pdf,https://teambuilding.it/preventivi/schede/eng/Christmas Escape - TeamBuilding-it-eng.pptx
Christmas Sweet Lab,Culinario,Indoor,Standard,100,"Cene di Natale, Golosi","Dolcezza, Natale, Creatività ",Il lato più dolce del Natale: diventate pasticceri e create il villaggio delle feste.,no,no,3,Illimitato,"1,5","2,5",2,Creazione e decorazione di dolci natalizi per comporre un villaggio commestibile.,medium,,https://www.teambuilding.it/project/christmas-sweet-lab/,https://teambuilding.it/preventivi/schede/ita/Christmas Sweet Lab - TeamBuilding-it.pdf,https://teambuilding.it/preventivi/schede/ita/Christmas Sweet Lab - TeamBuilding-it.pptx,https://teambuilding.it/preventivi/schede/eng/Christmas Sweet Lab - TeamBuilding-it-eng.pdf,https://teambuilding.it/preventivi/schede/eng/Christmas Sweet Lab- TeamBuilding-it - eng.pptx
Cinema,Creativo / Video,Indoor / Outdoor,Standard,80,"Marketing, HR, Creativi","Cinema, Recitazione, Teamwork","Ciak, si gira! Trasformate i valori aziendali in un cortometraggio da Oscar.",no,no,5,Illimitato,"2,5",4,3,"Realizzazione di un cortometraggio: sceneggiatura, riprese, recitazione e montaggio.",High,,https://www.teambuilding.it/project/cinema/,https://teambuilding.it/preventivi/schede/ita/Cinema - TeamBuilding-it.pdf,https://teambuilding.it/preventivi/schede/ita/Cinema - TeamBuilding-it.pptx,https://teambuilding.it/preventivi/schede/eng/Cinema - TeamBuilding-it-eng.pdf,https://teambuilding.it/preventivi/schede/eng/Cinema - TeamBuilding-it-eng.pptx
Circus,Creativo / Fisico,Indoor / Outdoor,Standard,110,"Gruppi che vogliono ""osare""","Equilibrio, Risate, Sfida personale",Scoprite l'equilibrio perfetto tra divertimento e fiducia con le arti circensi.,no,no,3,Illimitato,2,4,3,"Laboratorio per apprendere le arti circensi (giocoleria, equilibrio) con show finale.",medium,,https://www.teambuilding.it/project/circus/,https://teambuilding.it/preventivi/schede/ita/Circus - TeamBuilding-it.pdf,https://teambuilding.it/preventivi/schede/ita/Circus - TeamBuilding-it.pptx,https://teambuilding.it/preventivi/schede/eng/Circus - TeamBuilding-it-eng.pdf,https://teambuilding.it/preventivi/schede/eng/Circus - TeamBuilding-it-eng.pptx
Cocktail Building,Culinario / Aperitivo,Indoor / Outdoor,Standard,80,"Giovani, Aperitivi","Cool, Gusto, Relax",Shakerate lo stress e create il mix perfetto per brindare al team.,no,no,4,Illimitato,"1,5","2,5",2,Gara a squadre per creare il cocktail perfetto sotto la guida di barman professionisti.,low,,https://www.teambuilding.it/project/cocktail-building/,https://teambuilding.it/preventivi/schede/ita/Cocktail - TeamBuilding-it.pdf,https://teambuilding.it/preventivi/schede/ita/Cocktail - TeamBuilding-it.pptx,https://teambuilding.it/preventivi/schede/eng/Cocktail Building - TeamBuilding-it-eng.pdf,https://teambuilding.it/preventivi/schede/eng/Cocktail Building - TeamBuilding-it-eng.pptx
Connecting Wall,Creativo / Pittura,Indoor,Standard,80,"Grandi Gruppi, Convention","Unione, Colore, Appartenenza","Tante tele diverse, un'unica grande visione aziendale: l'arte che unisce.",no,no,4,Illimitato,"1,5","2,5",2,"I team dipingono sezioni diverse che, una volta unite, formano un'unica grande immagine aziendale.",medium,,https://www.teambuilding.it/project/connecting-wall/,https://teambuilding.it/preventivi/schede/ita/Connecting Wall - TeamBuilding-it.pdf,https://teambuilding.it/preventivi/schede/ita/Connecting Wall - TeamBuilding-it.pptx,https://teambuilding.it/preventivi/schede/eng/Connecting Wall - TeamBuilding-it-eng.pdf,https://teambuilding.it/preventivi/schede/eng/Connecting Wall - TeamBuilding-it-eng.pptx
Cooking,Culinario,Indoor,Standard,120,Tutti (eccetto intolleranze gravi),"Gusto, Collaborazione, Calore",Dalla competizione ai fornelli alla condivisione a tavola: la ricetta segreta del team.,no,no,5,100,1,4,2,Gara di cucina completa (dalla spesa alla realizzazione del piatto) con chef professionisti.,low,,https://www.teambuilding.it/project/cooking/,https://teambuilding.it/preventivi/schede/ita/Cooking - TeamBuilding-it.pdf,https://teambuilding.it/preventivi/schede/ita/Cooking - TeamBuilding-it.pptx,https://teambuilding.it/preventivi/schede/eng/Cooking - TeamBuilding-it-eng.pdf,https://teambuilding.it/preventivi/schede/eng/Cooking - TeamBuilding-it-eng.pptx
Cooking Mystery Box,Culinario,Indoor,Standard,100,Appassionati Masterchef,"Adrenalina, Creatività , Gusto","Ingredienti segreti, tempo limitato: scatenate la creatività  culinaria!",no,si,5,100,"2,5",4,"3,5",Sfida culinaria dove i team devono cucinare usando ingredienti segreti svelati all'ultimo.,low,,https://www.teambuilding.it/project/cooking-mystery-box/,https://teambuilding.it/preventivi/schede/ita/Mystery Box - TeamBuilding-it.pdf,https://teambuilding.it/preventivi/schede/ita/Mystery Box - TeamBuilding-it.pptx,https://teambuilding.it/preventivi/schede/eng/Cooking Mystery Box - TeamBuilding-it-eng.pdf,https://teambuilding.it/preventivi/schede/eng/Mystery Box - TeamBuilding-it-eng.pptx
Crazy Experiments,Scientifico / Problem Solving,Indoor,Standard,85,"R&D, Ingegneri, Analitici","Logica, Scienza, Scoperta",La scienza al servizio del team: esperimenti folli per menti brillanti.,no,si,3,Illimitato,1,2,"1,5",Serie di esperimenti scientifici bizzarri e sfide di ingegno e logica.,low,,https://www.teambuilding.it/project/crazy-experiments/,https://teambuilding.it/preventivi/schede/ita/Crazy Experiments - TeamBuilding-it.pdf,https://teambuilding.it/preventivi/schede/ita/Crazy Experiments - TeamBuilding-it.pptx,https://teambuilding.it/preventivi/schede/eng/Crazy Experiments - TeamBuilding-it-eng.pdf,https://teambuilding.it/preventivi/schede/eng/Crazy Experiments - TeamBuilding-it - eng.pptx
Creative Recycling,Creativo / Green,Indoor,Standard,85,"Aziende Green, Sostenibilità ","Sostenibilità , Arte, Manualità ","Nulla si crea, tutto si trasforma: l'arte del riciclo creativo in azienda.",no,no,3,Illimitato,"1,5","2,5",2,Creazione di sculture e opere d'arte utilizzando esclusivamente materiali di scarto.,medium,,https://www.teambuilding.it/project/creative-recycling/,https://teambuilding.it/preventivi/schede/ita/Creative Recycling - TeamBuilding-it.pdf,https://teambuilding.it/preventivi/schede/ita/Creative Recycling - TeamBuilding-it.pptx,https://teambuilding.it/preventivi/schede/eng/Creative Recycling - TeamBuilding-it-eng.pdf,https://teambuilding.it/preventivi/schede/eng/Creative recycling - TeamBuilding-it-eng.pptx
CSI Project,Investigativo,Indoor / Outdoor,Standard,80,"Analitici, Problem Solvers","Mistero, Logica, Investigazione",Sulla scena del crimine: usate la scienza forense per svelare la verità  nascosta.,no,no,5,Illimitato,2,4,3,"Indagine scientifica con rilevamento impronte, analisi prove e interrogatori.",High,,https://www.teambuilding.it/project/csi-project/,https://teambuilding.it/preventivi/schede/ita/Csi - TeamBuilding-it.pdf,https://teambuilding.it/preventivi/schede/ita/Csi - TeamBuilding-it.pptx,https://teambuilding.it/preventivi/schede/eng/CSI Project - TeamBuilding-it-eng.pdf,https://teambuilding.it/preventivi/schede/eng/Csi - TeamBuilding-it-eng.pptx
Csi Christmas,investigativo,indoor,Standard,80,"Analitici, Problem Solvers","Mistero, Logica, Investigazione",CSI: Chi ha rubato i regali di Babbo Natale?,no,si,3,Illimitato,1,3,2,Indagine scientifica alla ricerca delle tracce del ladro dei regali di Babbo Natale.,High,,https://www.teambuilding.it/project/csi-chi-ha-rubato-i-regali-di-babbo-natale/,https://teambuilding.it/preventivi/schede/ita/Csi Natale - TeamBuilding-it.pdf,https://teambuilding.it/preventivi/schede/ita/Csi Natale - TeamBuilding-it.pptx,https://teambuilding.it/preventivi/schede/eng/Csi Christmas - TeamBuilding-it-eng.pdf,https://teambuilding.it/preventivi/schede/eng/Csi Christmas - TeamBuilding-it - eng.pptx
Darkness Experience,Sensoriale,Indoor,Standard,70,Team che necessitano fiducia,"Fiducia, Ascolto, Emozione profonda",Spegnete la luce per accendere la fiducia: un'esperienza sensoriale profonda.,no,no,3,50,"1,5","2,5",2,Attività  sensoriali e di fiducia svolte nel buio totale per stimolare gli altri sensi.,High,,https://www.teambuilding.it/project/darkness-experience/,https://teambuilding.it/preventivi/schede/ita/Darkness Experience - TeamBuilding-it.pdf,https://teambuilding.it/preventivi/schede/ita/Darkness Experience - TeamBuilding-it.pptx,https://teambuilding.it/preventivi/schede/eng/Darkness Experience - TeamBuilding-it-eng.pdf,https://teambuilding.it/preventivi/schede/eng/Darkness- TeamBuilding -it - eng.pptx
Decode Fake News,Investigativo / Attualità ,Indoor,Standard,80,"Giornalisti, Comunicazione","Attualità , Critica, Dibattito",Vero o falso? Allenate il pensiero critico nel labirinto dell'informazione.,no,si,3,Illimitato,1,2,"1,5",Gioco di indagine per imparare a distinguere notizie vere da fake news (anche generate da AI).,High,,https://www.teambuilding.it/project/decode-fake-news/,https://teambuilding.it/preventivi/schede/ita/Decode - Smonta la Fake News - TeamBuilding.it.pdf,https://teambuilding.it/preventivi/schede/ita/Decode - Smonta la Fake News - TeamBuilding.it.pptx,https://teambuilding.it/preventivi/schede/eng/Decode Fake News - TeamBuilding-it-eng.pdf,https://teambuilding.it/preventivi/schede/eng/Decode - Debunk the Fake News - TeamBuilding-it - eng.pptx
Domino Rally,Costruzione / Pazienza,Indoor,Standard,60,"Team pazienti, Precisione","Pazienza, Attenzione, Spettacolo",Un lavoro di precisione millimetrica per un finale spettacolare e travolgente.,no,no,2,Illimitato,"1,5","2,5",2,Posizionamento di migliaia di tessere per creare un percorso a effetto domino.,low,,https://www.teambuilding.it/project/domino-rally/,https://teambuilding.it/preventivi/schede/ita/DominoRally - TeamBuilding-it.pdf,https://teambuilding.it/preventivi/schede/ita/DominoRally - TeamBuilding-it.pptx,https://teambuilding.it/preventivi/schede/eng/Domino Rally - TeamBuilding-it-eng.pdf,https://teambuilding.it/preventivi/schede/eng/Domino Rally - TeamBuilding-it-eng.pptx
DragonBoat,Sport / Acqua,Outdoor (Lago),Standard,115,"Sportivi, Team numerosi","Sincronia, Forza, Natura",Tutti allo stesso ritmo: la massima espressione della sincronia di squadra sull'acqua.,no,no,2,Illimitato,2,4,3,Gara di velocità  e sincronia su lunghe canoe a 10-20 posti a ritmo di tamburo.,medium,,https://www.teambuilding.it/project/dragon-boat/,https://teambuilding.it/preventivi/schede/ita/DragonBoat - TeamBuilding-it.pdf,https://teambuilding.it/preventivi/schede/ita/DragonBoat - TeamBuilding-it.pptx,https://teambuilding.it/preventivi/schede/eng/DragonBoat - TeamBuilding-it-eng.pdf,https://teambuilding.it/preventivi/schede/eng/DragonBoat - TeamBuilding-it-eng.pptx
Energy For Africa,Sociale / Tech,Indoor,Standard,150,"CSR, Ingegneri","Tecnologia, Cuore, Impatto Sociale",Accendiamo la luce dove serve: tecnologia e solidarietà  si uniscono per cambiare vite.,si,si,4,Illimitato,"1,5","2,5",2,Assemblaggio di kit per l'energia solare che verranno donati a villaggi africani.,High,,https://www.teambuilding.it/project/energy-for-africa/,https://teambuilding.it/preventivi/schede/ita/Energy for Africa - TeamBuilding-it.pdf,https://teambuilding.it/preventivi/schede/ita/Energy for Africa - TeamBuilding-it.pptx,https://teambuilding.it/preventivi/schede/eng/Energy For Africa - TeamBuilding-it-eng.pdf,https://teambuilding.it/preventivi/schede/eng/Energy for Africa - TeamBuilding-it - eng.pptx
Enigma,Avventura / Tech,Outdoor,Standard,80,"Gruppi curiosi, Discovery","Dinamicità, Tecnologia, Sfida","Un sapiente mix di attività per coinvolgere tutti, qualche prova più atletica e qualche prova mentale.",no,no,4,Illimitato,"1,5",3,"2,5","Attività outdoor/indoor per tutti i gusti, ottima per gruppi eterogenei non troppo sportivi.",High,,https://www.teambuilding.it/project/enigma/,https://teambuilding.it/preventivi/schede/ita/Enigma - TeamBuilding-it.pdf,https://teambuilding.it/preventivi/schede/ita/Enigma - TeamBuilding-it.pptx,https://teambuilding.it/preventivi/schede/eng/Enigma - TeamBuilding-it-eng.pdf,https://teambuilding.it/preventivi/schede/eng/Enigma - TeamBuilding-it-eng.pptx
Escape Box,Logica / Enigmi,Indoor,Standard,75,"Problem Solvers, Meeting","Tensione, Logica, Collaborazione",La bomba sta ticchettando: avete il sangue freddo per disinnescarla in tempo?,no,no,5,Illimitato,1,"1,5","1,5","Risoluzione di enigmi logici per aprire una valigetta o disinnescare una ""bomba"".",medium,,https://www.teambuilding.it/project/escape-box/,https://teambuilding.it/preventivi/schede/ita/Escape Box - TeamBuilding-it.pdf,https://teambuilding.it/preventivi/schede/ita/Escape Box - TeamBuilding-it.pptx,https://teambuilding.it/preventivi/schede/eng/Escape Box - TeamBuilding-it-eng.pdf,https://teambuilding.it/preventivi/schede/eng/Escape Box - TeamBuilding-it-eng.pptx
Escape Dinner,Logica / Cena,Durante i pasti,Standard,70,Cene aziendali,"Enigma, Cena, Intrigo",Risolvete l'enigma per guadagnarvi la prossima portata! Cena con ingegno.,no,no,4,Illimitato,"1,5","2,5",2,Enigmi e lucchetti da aprire direttamente al tavolo tra una portata e l'altra.,low,,https://www.teambuilding.it/project/escape-dinner/,https://teambuilding.it/preventivi/schede/ita/Escape Dinner - TeamBuilding-it.pdf,https://teambuilding.it/preventivi/schede/ita/Escape Dinner - TeamBuilding-it.pptx,https://teambuilding.it/preventivi/schede/eng/Escape Dinner - TeamBuilding-it-eng.pdf,https://teambuilding.it/preventivi/schede/eng/Escape Dinner - TeamBuilding-it-eng.pptx
Family Day,Evento / Giochi,Indoor / Outdoor,flat,-,"Famiglie, Aziende inclusive","Gioia, Festa, Inclusione",Aprite le porte alle famiglie: una giornata di festa dove lavoro e vita si incontrano.,no,no,4,Illimitato,4,8,5,"Giornata di giochi, gonfiabili e attività  aperta ai dipendenti e alle loro famiglie.",low,,https://www.teambuilding.it/project/family-day/,https://teambuilding.it/preventivi/schede/ita/Family Day - TeamBuilding-it.pdf,https://teambuilding.it/preventivi/schede/ita/Family Day - TeamBuilding-it.pptx,https://teambuilding.it/preventivi/schede/eng/Family Day - TeamBuilding-it-eng.pdf,https://teambuilding.it/preventivi/schede/eng/Family Day - TeamBuilding-it-eng.pptx
Fashion Show,Creativo / Show,Indoor,Standard,95,"Estroversi, Moda","Glamour, Risate, Passerella",Stilisti per un giorno: create la vostra collezione e sfilate sotto i riflettori.,no,no,3,Illimitato,2,"3,5","2,5",Creazione di abiti con materiali di recupero e vera sfilata di moda finale.,low,,https://www.teambuilding.it/project/fashion-show/,https://teambuilding.it/preventivi/schede/ita/Fashion Show - TeamBuilding-it.pdf,https://teambuilding.it/preventivi/schede/ita/Fashion Show - TeamBuilding-it.pptx,https://teambuilding.it/preventivi/schede/eng/Fashion Show - TeamBuilding-it-eng.pdf,https://teambuilding.it/preventivi/schede/eng/Fashion Show - TeamBuilding-it-eng.pptx
Ferrari Challenge,Guida / Lusso,Outdoor (Pista),Standard,9.20,"Top Management, Clienti VIP","Lusso, Velocità , Esclusività ",Il sogno italiano in pista: domate i cavalli rampanti in un circuito esclusivo.,no,no,2,60,3,6,"4,5",Esperienza di guida in pista su vere auto da corsa Ferrari Challenge.,low,"Preventivo assolutamente indicativo, è per avere una idea del costo, ma serve un preventivo specifico per avere la quotazione corretta.",https://www.teambuilding.it/project/ferrari-challenge/,https://teambuilding.it/preventivi/schede/ita/Ferrari Challenge - TeamBuilding-it.pdf,https://teambuilding.it/preventivi/schede/ita/Ferrari Challenge - TeamBuilding-it.pptx,https://teambuilding.it/preventivi/schede/eng/Ferrari Challenge - TeamBuilding-it-eng.pdf,https://teambuilding.it/preventivi/schede/eng/Ferrari Challenge - TeamBuilding-it-eng.pptx
FlashMob,Danza / Musica,Indoor / Outdoor,Standard,65,"Gruppi numerosi, Estroversi","Energia, Musica, Sorpresa",Un'esplosione di energia a sorpresa che contagerà  e stupirà  tutti i presenti.,no,no,2,Illimitato,1,"1,5","1,5",Preparazione ed esecuzione a sorpresa di una coreografia di gruppo in luogo pubblico.,low,,https://www.teambuilding.it/project/flash-mob/,https://teambuilding.it/preventivi/schede/ita/FlashMob - TeamBuilding-it.pdf,https://teambuilding.it/preventivi/schede/ita/FlashMob - TeamBuilding-it.pptx,https://teambuilding.it/preventivi/schede/eng/FlashMob - TeamBuilding-it-eng.pdf,https://teambuilding.it/preventivi/schede/eng/FlashMob - TeamBuilding-it-eng.pptx
Fluo Beat,Musica / Danza,Indoor (Buio),Standard,60,"Party aziendali, Giovani","Ritmo, Buio, Colore","Luci spente, ritmo acceso: un'esperienza percussiva e visiva fluorescente.",no,no,4,Illimitato,"0,5",3,"1,5","Danza e percussioni al buio utilizzando oggetti, stick e luci fluorescenti.",low,,https://www.teambuilding.it/project/fluobeat/,https://teambuilding.it/preventivi/schede/ita/FluoBeat - TeamBuilding-it.pdf,https://teambuilding.it/preventivi/schede/ita/FluoBeat - TeamBuilding-it.pptx,https://teambuilding.it/preventivi/schede/eng/Fluo Beat - TeamBuilding-it-eng.pdf,https://teambuilding.it/preventivi/schede/eng/FluoBeat - TeamBuilding-it-eng.pptx
Forno Solare,Green / Costruzione,Outdoor,Standard,85,"Sostenibilità , Ingegneri","Ecologia, Sole, Ingegno",Sfruttare l'energia del sole per cucinare: ingegno green all'opera.,si,no,3,Illimitato,"1,5","2,5",2,Costruzione di un forno funzionante ad energia solare con materiali semplici.,High,,https://www.teambuilding.it/project/forno-solare/,https://teambuilding.it/preventivi/schede/ita/Forno Solare - TeamBuilding-it.pdf,https://teambuilding.it/preventivi/schede/ita/Forno Solare - TeamBuilding-it.pptx,https://teambuilding.it/preventivi/schede/eng/Forno Solare - TeamBuilding-it-eng.pdf,https://teambuilding.it/preventivi/schede/eng/Solar Oven - TeamBuilding-it-eng.pptx
Go Green,Green / Sociale,Outdoor,Standard,90,"CSR, Volontariato","Utilità , Ambiente, Pulizia",Rimbocchiamoci le maniche per un mondo più pulito e un team più unito.,si,no,3,Illimitato,2,3,"2,5","Attività  di pulizia ambientale (spiagge, parchi) e riqualificazione aree verdi.",High,,https://www.teambuilding.it/project/go-green/,https://teambuilding.it/preventivi/schede/ita/Go Green - TeamBuilding-it.pdf,https://teambuilding.it/preventivi/schede/ita/Go Green - TeamBuilding-it.pptx,https://teambuilding.it/preventivi/schede/eng/Go Green - TeamBuilding-it-eng.pdf,https://teambuilding.it/preventivi/schede/eng/Go Green - TeamBuilding-it-eng.pptx
Green Energy,Costruzione / Green,Indoor,Standard,85,"Sostenibilità , Tech","Energia, Invenzione, Futuro",Generare energia pulita con l'ingegno: la sfida energetica del futuro è nelle vostre mani.,si,si,4,Illimitato,2,3,"2,5",Costruzione di macchine capaci di generare energia pulita in modo creativo.,High,,https://www.teambuilding.it/project/green-energy/,https://teambuilding.it/preventivi/schede/ita/Green Energy - TeamBuilding-it.pdf,https://teambuilding.it/preventivi/schede/ita/Green Energy - TeamBuilding-it.pptx,https://teambuilding.it/preventivi/schede/eng/Green Energy - TeamBuilding-it-eng.pdf,https://teambuilding.it/preventivi/schede/eng/Green Energy - TeamBuilding-it-eng.pptx
Green Grand Prix,RC Cars / Green,Indoor / Outdoor,Standard,75,"Appassionati motori, Green","Velocità , Green, Competizione",Gran Premio a impatto zero: velocità  e divertimento con auto elettriche RC.,no,no,3,Illimitato,"1,5",3,2,Gara di velocità  con auto radiocomandate elettriche su pista allestita.,low,,https://www.teambuilding.it/project/green-gran-prix/,https://teambuilding.it/preventivi/schede/ita/Green Grand Prix Rc - TeamBuilding-it.pdf,https://teambuilding.it/preventivi/schede/ita/Green Grand Prix Rc - TeamBuilding-it.pptx,https://teambuilding.it/preventivi/schede/eng/Green Grand Prix - TeamBuilding-it-eng.pdf,https://teambuilding.it/preventivi/schede/eng/Green Grand Prix Rc - TeamBuilding-it-eng.pptx
Green Tag,Creativo / Green,Indoor,Standard,95,"Design, Green","Natura, Arte, Relax",Portate la natura in ufficio creando opere d'arte viventi con il muschio.,si,si,3,Illimitato,2,3,"2,5",Realizzazione di quadri e pannelli decorativi utilizzando muschio e materiali naturali.,medium,,https://www.teambuilding.it/project/green-tag/,https://teambuilding.it/preventivi/schede/ita/Green tag - TeamBuilding-it.pdf,https://teambuilding.it/preventivi/schede/ita/Green tag - TeamBuilding-it.pptx,https://teambuilding.it/preventivi/schede/eng/Green Tag - TeamBuilding-it-eng.pdf,https://teambuilding.it/preventivi/schede/eng/Green tag - TeamBuilding-it-eng.pptx
Guerrilla Gardening,Green / Sociale,Outdoor,Standard,100,"CSR, Urban","Verde, Riqualificazione, Cura",Un blitz verde per colorare la città  e lasciare un segno positivo e duraturo.,si,no,3,Illimitato,2,5,3,Blitz verde urbano per piantare fiori e riqualificare aiuole abbandonate.,Medium,,https://www.teambuilding.it/project/guerrilla-gardening/,https://teambuilding.it/preventivi/schede/ita/Guerrilla Gardening - TeamBuilding-it.pdf,https://teambuilding.it/preventivi/schede/ita/Guerrilla Gardening - TeamBuilding-it.pptx,https://teambuilding.it/preventivi/schede/eng/Guerrilla Gardening - TeamBuilding-it-eng.pdf,https://teambuilding.it/preventivi/schede/eng/Guerrilla Gardening - TeamBuilding-it-eng.pptx
Guida Sportiva,Guida,Outdoor (Pista),Standard,300,"Amanti guida, Sicurezza","Controllo, Adrenalina, Tecnica","Imparare a controllare la potenza: sicurezza, controllo e performance in pista.",no,no,3,60,4,8,6,Corso di guida sicura e sportiva in pista con istruttori qualificati.,low,,https://www.teambuilding.it/project/guida-sportiva/,https://teambuilding.it/preventivi/schede/ita/Guida Sportiva - TeamBuilding-it.pdf,https://teambuilding.it/preventivi/schede/ita/Guida Sportiva - TeamBuilding-it.pptx,https://teambuilding.it/preventivi/schede/eng/Guida Sportiva - TeamBuilding-it-eng.pdf,https://teambuilding.it/preventivi/schede/eng/Sport Driving - TeamBuilding-it-eng.pptx
Guida Neve/Ghiaccio,Guida,Outdoor (Neve),Standard,700,"Amanti guida, Inverno","Ghiaccio, Controllo, Drift",Sfida il ghiaccio: impara a dominare l'auto nelle condizioni più estreme e scivolose.,no,no,3,60,4,8,6,Corso di guida sicura per imparare a gestire l'auto su neve e ghiaccio.,low,"Preventivo assolutamente indicativo, è per avere una idea del costo, ma serve un preventivo specifico per avere la quotazione corretta.",https://www.teambuilding.it/project/guida-su-neve-e-ghiaccio/,https://teambuilding.it/preventivi/schede/ita/Guida su Neve e ghiaccio - TeamBuilding-it.pdf,https://teambuilding.it/preventivi/schede/ita/Guida su Neve e ghiaccio - TeamBuilding-it.pptx,https://teambuilding.it/preventivi/schede/eng/Guida Neve/Ghiaccio - TeamBuilding-it-eng.pdf,https://teambuilding.it/preventivi/schede/eng/Driving on Snow and Ice - TeamBuilding-it-eng.pptx
Hybrid Treasure Hunt,Tech / Discovery,Outdoor / Remoto,Standard,60,Team ibridi/remoti,"Connessione, Scoperta, Tecnologia",La caccia al tesoro 2.0: connettete chi è in ufficio con chi è in strada in tempo reale.,no,no,3,Illimitato,1,3,2,"Caccia al tesoro mista: una parte del team è in strada, l'altra guida da remoto.",low,"Preventivo assolutamente indicativo, è per avere una idea del costo, ma serve un preventivo specifico per avere la quotazione corretta.",https://www.teambuilding.it/project/hybrid-treasure-hunt/,https://teambuilding.it/preventivi/schede/ita/Hybrid Treasure Hunt - TeamBuilding-it.pdf,https://teambuilding.it/preventivi/schede/ita/Hybrid Treasure Hunt - TeamBuilding-it.pptx,https://teambuilding.it/preventivi/schede/eng/Hybrid Treasure Hunt - TeamBuilding-it-eng.pdf,https://teambuilding.it/preventivi/schede/eng/Hybrid Treasure Hunt - TeamBuilding-it-eng.pptx
Ice Cream Mixology,Culinario,Indoor,Standard,70,"Golosi, Creativi","Freschezza, Gusto, Invenzione",Inventate il gusto dell'estate: chimica e creatività  per il gelato perfetto.,no,no,3,Illimitato,2,3,"2,5",Creazione di gusti di gelato originali e innovativi con ingredienti vari.,low,,https://www.teambuilding.it/project/ice-cream-mixology/,https://teambuilding.it/preventivi/schede/ita/Ice Cream Mixology - TeamBuilding-it .pdf,https://teambuilding.it/preventivi/schede/ita/Ice Cream Mixology - TeamBuilding-it .pptx,https://teambuilding.it/preventivi/schede/eng/Ice Cream Mixology - TeamBuilding-it-eng.pdf,https://teambuilding.it/preventivi/schede/eng/Ice Cream Mixology - TeamBuilding-it - eng.pptx
Inside Team,Psicologico / Formativo,Indoor,Standard,80,Team che necessitano empatia,"Emozione, Ascolto, Profondità ",Un viaggio nella mente del team per capire le emozioni che ci guidano ogni giorno.,no,no,4,Illimitato,2,3,"2,5",Viaggio nelle emozioni e nei ricordi del team ispirato al film Inside Out.,High,,https://www.teambuilding.it/project/inside-team/,https://teambuilding.it/preventivi/schede/ita/Inside Team - TeamBuilding-it.pdf,https://teambuilding.it/preventivi/schede/ita/Inside Team - TeamBuilding-it.pptx,https://teambuilding.it/preventivi/schede/eng/Inside Team - TeamBuilding-it-eng.pdf,https://teambuilding.it/preventivi/schede/eng/Inside Team- eng - TeamBuilding -it - eng.pptx
Instabuilding Ai,Social / Foto,Indoor / Outdoor,Standard,85,"Gen-Z, Marketing, Social","Social, Visual, Storytelling",Raccontate la vostra storia aziendale con lo stile immediato degli influencer.,no,no,4,Illimitato,2,3,"2,5",Contest creativo basato sulla produzione di foto e video per Instagram.,medium,,https://www.teambuilding.it/project/insta-building-ai/,https://teambuilding.it/preventivi/schede/ita/INSTAbuilding AI- TeamBuilding-it.pdf,https://teambuilding.it/preventivi/schede/ita/INSTAbuilding AI- TeamBuilding-it.pptx,https://teambuilding.it/preventivi/schede/eng/Instabuilding Ai - TeamBuilding-it-eng.pdf,https://teambuilding.it/preventivi/schede/eng/INSTAbuilding AI - TeamBuilding -it-eng.pptx
Intelligenza Artificiale,Tech / AI,Indoor,Standard,90,"Innovatori, Visionari","Tech, Futuro, Digital",Umano + AI: la collaborazione definitiva per creare contenuti incredibili in pochi minuti.,no,si,5,Illimitato,1,"2,5",2,"Utilizzo di strumenti AI per creare prodotti, immagini e campagne marketing.",medium,,https://www.teambuilding.it/project/intelligenza-artificiale/,https://teambuilding.it/preventivi/schede/ita/Intelligenza artificiale - TeamBuilding-it.pdf,https://teambuilding.it/preventivi/schede/ita/Intelligenza artificiale - TeamBuilding-it.pptx,https://teambuilding.it/preventivi/schede/eng/Intelligenza Artificiale - TeamBuilding-it-eng.pdf,https://teambuilding.it/preventivi/schede/eng/AI - TeamBuilding-it - eng.pptx
Kayak,Sport / Acqua,Outdoor (Lago),Standard,90,"Sportivi, Amanti natura","Acqua, Sincronia, Natura",Pagaiare all'unisono immersi nella natura: sport e coordinazione sull'acqua.,no,no,3,100,2,3,"2,5",Escursione o gara a staffetta su kayak (canoe) nel lago o fiume.,medium,,https://www.teambuilding.it/project/kayak/,https://teambuilding.it/preventivi/schede/ita/Kayak - TeamBuilding-it.pdf,https://teambuilding.it/preventivi/schede/ita/Kayak - TeamBuilding-it.pptx,https://teambuilding.it/preventivi/schede/eng/Kayak - TeamBuilding-it-eng.pdf,https://teambuilding.it/preventivi/schede/eng/Kayak - TeamBuilding-it-eng.pptx
Law & Order,Roleplay / Investigativo,Indoor,Standard,60,"Amanti serie TV, Dibattito","Logica, Retorica, Giustizia","In aula di tribunale: arringa, difendi e convinci la giuria con la tua oratoria.",no,si,3,Illimitato,"1,5","2,5",2,Simulazione di un processo legale con analisi delle prove e dibattimento in aula.,medium,,https://www.teambuilding.it/project/laworder/,https://teambuilding.it/preventivi/schede/ita/Law and Order - TeamBuilding-it.pdf,https://teambuilding.it/preventivi/schede/ita/Law and Order - TeamBuilding-it.pptx,https://teambuilding.it/preventivi/schede/eng/Law & Order - TeamBuilding-it-eng.pdf,https://teambuilding.it/preventivi/schede/eng/Law and Order - TeamBuilding-it - eng.pptx
Lego Building,Costruzione,Indoor,Standard,65,"Ingegneri, Creativi, Tutti","Mattoncini, Nostalgia, Progettazione","Tornare bambini per costruire il futuro dell'azienda, mattoncino su mattoncino.",no,no,4,Illimitato,"1,5","2,5",2,"Costruzione di sculture, loghi o progetti complessi con migliaia di mattoncini Lego.",high,,https://www.teambuilding.it/project/lego-building/,https://teambuilding.it/preventivi/schede/ita/Lego Building - TeamBuilding-it.pdf,https://teambuilding.it/preventivi/schede/ita/Lego Building - TeamBuilding-it.pptx,https://teambuilding.it/preventivi/schede/eng/Lego Building - TeamBuilding-it-eng.pdf,https://teambuilding.it/preventivi/schede/eng/Lego Building - TeamBuilding-it-eng.pptx
Legolize,Creativo / AI,Indoor,Standard,60,"Gen-Z, Marketing, Creativi","Ironia, Social, Creatività ",Create vignette virali unendo l'ironia dei LEGO alla potenza dell'AI.,no,si,4,Illimitato,1,2,"1,5",Creazione di vignette ironiche stile LEGO utilizzando l'intelligenza artificiale.,medium,,https://www.teambuilding.it/project/legolize/,https://teambuilding.it/preventivi/schede/ita/legolize - TeamBuilding-it .pdf,https://teambuilding.it/preventivi/schede/ita/legolize - TeamBuilding-it .pptx,https://teambuilding.it/preventivi/schede/eng/Legolize - TeamBuilding-it-eng.pdf,https://teambuilding.it/preventivi/schede/eng/Legolize - TeamBuilding-it - eng.pptx
Leonardo da Vinci,Costruzione,Indoor,Standard,80,"Ingegneri, Storici","Genio, Storia, Meccanica",Mettetevi alla prova con le invenzioni del più grande genio della storia.,no,no,4,Illimitato,2,3,"2,5","Costruzione di macchine basate sui progetti di Leonardo (es. ponti, catapulte).",medium,,https://www.teambuilding.it/project/leonardo-da-vinci/,https://teambuilding.it/preventivi/schede/ita/Leonardo da Vinci - TeamBuilding-it.pdf,https://teambuilding.it/preventivi/schede/ita/Leonardo da Vinci - TeamBuilding-it.pptx,https://teambuilding.it/preventivi/schede/eng/Leonardo da Vinci - TeamBuilding-it-eng.pdf,https://teambuilding.it/preventivi/schede/eng/Leonardo da Vinci - TeamBuilding-it-eng.pptx
LipDub,Video / Musica,Indoor / Outdoor,Standard,70,"Estroversi, Feste aziendali","Musica, Video, Allegria","Un unico piano sequenza, tutto il team, una canzone: azione!",no,no,3,Illimitato,"1,5","2,5",2,Realizzazione di un videoclip musicale in piano sequenza (senza stacchi di camera).,low,,https://www.teambuilding.it/project/lipdub/,https://teambuilding.it/preventivi/schede/ita/LipDub - TeamBuilding-it.pdf,https://teambuilding.it/preventivi/schede/ita/LipDub - TeamBuilding-it.pptx,https://teambuilding.it/preventivi/schede/eng/LipDub - TeamBuilding-it-eng.pdf,https://teambuilding.it/preventivi/schede/eng/LipDub - TeamBuilding-it-eng.pptx
Lipsync Battle,Show,Indoor,Flat,-,"Estroversi, Party Aziendali","Musica, Show, Performance","Non serve saper cantare, basta saper fare show: la battaglia di playback definitiva.",no,si,4,Illimitato,1,"1,5","1,5",Sfida di playback a squadre con costumi e coreografie divertenti.,low,,https://www.teambuilding.it/project/lipsync-battle/,https://teambuilding.it/preventivi/schede/ita/Lip Sync Battle - Teambuilding-it.pdf,https://teambuilding.it/preventivi/schede/ita/Lip Sync Battle - Teambuilding-it.pptx,https://teambuilding.it/preventivi/schede/eng/Lipsync Battle - TeamBuilding-it-eng.pdf,https://teambuilding.it/preventivi/schede/eng/Lip Sync Battle - Teambuilding-it-eng.pptx
Make Your Sound,Musica / Costruzione,Indoor,Standard,85,"Gruppi creativi, Manualità ","Ritmo, Costruzione, Musica",Costruite i vostri strumenti con materiali di riciclo e create il ritmo del vostro successo.,no,si,4,Illimitato,"1,5","2,5",2,Costruzione di strumenti musicali con materiali di riciclo e concerto finale.,low,,https://www.teambuilding.it/project/make-your-sound/,https://teambuilding.it/preventivi/schede/ita/Make Your Sound - TeamBuilding-it.pdf,https://teambuilding.it/preventivi/schede/ita/Make Your Sound - TeamBuilding-it.pptx,https://teambuilding.it/preventivi/schede/eng/Make Your Sound - TeamBuilding-it-eng.pdf,https://teambuilding.it/preventivi/schede/eng/Make Your Sound - TeamBuilding-it - eng.pptx
Mannequin Challenge,Video / Social,Indoor,Standard,75,"Social, Giovani","Immobilità , Viralità , Divertimento",Il tempo si ferma: create il video virale perfetto congelando l'attimo fuggente.,no,no,3,Illimitato,"0,5","1,5",1,"Creazione di video virali con i partecipanti ""congelati"" in pose statiche.",low,,https://www.teambuilding.it/project/mannequin-challenge/,https://teambuilding.it/preventivi/schede/ita/Mannequin Challenge - TeamBuilding-it.pdf,https://teambuilding.it/preventivi/schede/ita/Mannequin Challenge - TeamBuilding-it.pptx,https://teambuilding.it/preventivi/schede/eng/Mannequin Challenge - TeamBuilding-it-eng.pdf,https://teambuilding.it/preventivi/schede/eng/Mannequin Challenge - TeamBuilding-it-eng.pptx
Medieval Cart,Costruzione / Gara,Outdoor,Standard,85,"Competitivi, Creativi","Storia, Gara, Costruzione",Indietro nel tempo: costruite la vostra biga romana e lanciatevi nella corsa!,no,no,2,Illimitato,2,"3,5","2,5","Progettazione, costruzione e gara con carretti in stile medievale.",medium,,https://www.teambuilding.it/project/medieval-cart/,https://teambuilding.it/preventivi/schede/ita/Medieval Cart Challenge  - TeamBuilding-it (2).pdf,https://teambuilding.it/preventivi/schede/ita/Medieval Cart Challenge  - TeamBuilding-it (2).pptx,https://teambuilding.it/preventivi/schede/eng/Medieval Cart - TeamBuilding-it-eng.pdf,https://teambuilding.it/preventivi/schede/eng/Medieval Cart Challenge  - TeamBuilding-eng.pptx
Mind Hackers,Logica / Mentale,Indoor,Standard,65,"Analitici, Problem Solvers","Cervello, Sfida, Psicologia",Hackerate la vostra mente: sfide cognitive per superare i propri limiti e bias.,no,si,3,Illimitato,1,"1,5","1,5","Sfide mentali su bias cognitivi, memoria, attenzione e pensiero laterale.",medium,,https://www.teambuilding.it/project/mind-hackers/,https://teambuilding.it/preventivi/schede/ita/Mind Hackers - TeamBuilding-it.pdf,https://teambuilding.it/preventivi/schede/ita/Mind Hackers - TeamBuilding-it.pptx,https://teambuilding.it/preventivi/schede/eng/Mind Hackers - TeamBuilding-it-eng.pdf,https://teambuilding.it/preventivi/schede/eng/Mind Hackers - TeamBuilding-it - eng.pptx
Mission Impossible,Urban Game / Video,Outdoor,Standard,75,"Giovani, Dinamici","Azione, Spionaggio, Città ","La vostra missione, se deciderete di accettarla: una caccia urbana ad alta tensione.",no,no,3,Illimitato,2,"3,5","2,5",Caccia al tesoro urbana con prove video creative da agenti segreti.,medium,,https://www.teambuilding.it/project/mission-impossible/,https://teambuilding.it/preventivi/schede/ita/Mission Impossible - TeamBuilding-it.pdf,https://teambuilding.it/preventivi/schede/ita/Mission Impossible - TeamBuilding-it.pptx,https://teambuilding.it/preventivi/schede/eng/Mission Impossible - TeamBuilding-it-eng.pdf,https://teambuilding.it/preventivi/schede/eng/Mission Impossible - TeamBuilding-it-eng.pptx
Mission to Mars VR,Tech / VR,Indoor,Standard,95,"Tech, Nerd, Problem Solvers","Realtà  Virtuale, Spazio, Futuro",Risolvete problemi sul Pianeta Rosso collaborando tra realtà  fisica e virtuale.,no,si,4,100,2,3,"2,5",Risoluzione di problemi e missioni su Marte tramite visori di Realtà  Virtuale.,medium,,https://www.teambuilding.it/project/mission-to-mars/,https://teambuilding.it/preventivi/schede/ita/Mission to Mars - TeamBuilding-it.pdf,https://teambuilding.it/preventivi/schede/ita/Mission to Mars - TeamBuilding-it.pptx,https://teambuilding.it/preventivi/schede/eng/Mission to Mars VR - TeamBuilding-it-eng.pdf,https://teambuilding.it/preventivi/schede/eng/Mission to Mars - TeamBuilding-it - eng.pptx
Mosaico,Creativo,Indoor,Standard,70,"Grandi gruppi, Artistici","Arte, Pazienza, Unione",Tante piccole tessere per formare la grande immagine unitaria della vostra azienda.,no,no,4,Illimitato,"1,5","2,5",2,Creazione dell'immagine aziendale o di un quadro tramite migliaia di tasselli colorati.,low,,https://www.teambuilding.it/project/mosaico/,https://teambuilding.it/preventivi/schede/ita/Mosaico - TeamBuilding-it.pdf,https://teambuilding.it/preventivi/schede/ita/Mosaico - TeamBuilding-it.pptx,https://teambuilding.it/preventivi/schede/eng/Mosaico - TeamBuilding-it-eng.pdf,https://teambuilding.it/preventivi/schede/eng/Mosaic - TeamBuilding-it-eng.pptx
Movie Game,Quiz / Cinema,Durante i pasti,Flat,-,"Cene Aziendali, Cinefili","Cinema, Quiz, Divertimento",Vi sentite esperti di cinema? Mettetevi alla prova tra citazioni e colonne sonore!,no,no,3,Illimitato,"1,5","2,5",2,Quiz a squadre interattivo sul mondo del cinema con pulsantiere o app.,low,,https://www.teambuilding.it/project/movie-game/,https://teambuilding.it/preventivi/schede/ita/Movie Game - TeamBuilding-it.pdf,https://teambuilding.it/preventivi/schede/ita/Movie Game - TeamBuilding-it.pptx,https://teambuilding.it/preventivi/schede/eng/Movie Game - TeamBuilding-it-eng.pdf,https://teambuilding.it/preventivi/schede/eng/Movie Game - TeamBuilding-it-eng.pptx
Mystery Box,Culinario,Indoor,Standard,100,Appassionati Masterchef,"Adrenalina, Creatività , Gusto","Una scatola misteriosa, ingredienti segreti e la sfida di creare un piatto da chef.",no,si,5,100,2,4,3,Sfida di cucina in stile Masterchef con ingredienti a sorpresa.,low,,https://www.teambuilding.it/project/mystery-box/,https://teambuilding.it/preventivi/schede/ita/Mystery Box - TeamBuilding-it.pdf,https://teambuilding.it/preventivi/schede/ita/Mystery Box - TeamBuilding-it.pptx,https://teambuilding.it/preventivi/schede/eng/Mystery Box - TeamBuilding-it-eng.pdf,https://teambuilding.it/preventivi/schede/eng/Mystery Box - TeamBuilding-it-eng.pptx
Natale all'asta,Quiz / Asta,Cena / Aperitivo,Standard,60,"Cene di Natale, Gruppi vivaci","Azzardo, Risate, Strategia",Un'asta pazza dove si vince usando la valuta più preziosa: il divertimento.,no,no,3,Illimitato,"1,5","2,5",2,Gioco a quiz con asta finale per aggiudicarsi premi utilizzando i punti guadagnati.,low,,https://www.teambuilding.it/project/natale-all-asta/,https://teambuilding.it/preventivi/schede/ita/Natale all'asta - TeamBuilding-it.pdf,https://teambuilding.it/preventivi/schede/ita/Natale all'asta - TeamBuilding-it.pptx,https://teambuilding.it/preventivi/schede/eng/Natale all'asta - TeamBuilding-it-eng.pdf,https://teambuilding.it/preventivi/schede/eng/Christmas Auction - TeamBuilding-it - eng.pptx
Natale in Team,Creativo / Natale,Indoor,Flat,-,Cene di Natale,"Natale, Creatività , Festa",L'atmosfera del Natale creata dalle vostre mani per decorare l'ufficio o la festa.,no,no,4,Illimitato,"1,5","2,5",2,"Attività  creative natalizie (decorazioni, alberi) svolte in team.",low,,https://www.teambuilding.it/project/nataleinteam,https://teambuilding.it/preventivi/schede/ita/Natale in Team - TeamBuilding-it.pdf,https://teambuilding.it/preventivi/schede/ita/Natale in Team - TeamBuilding-it.pptx,,
Oggetti Misteriosi,Quiz / Cena,Durante i pasti,Flat,-,"Cene Aziendali, Curiosi","Curiosità , Storia, Logica",Oggetti strani dal passato: indovinate a cosa servivano prima che lo faccia il tavolo accanto!,no,no,3,Illimitato,1,2,"1,5",Quiz interattivo dove i team devono indovinare l'uso di oggetti antichi e strani.,low,,https://www.teambuilding.it/project/oggetti-misteriosi/,https://teambuilding.it/preventivi/schede/ita/Oggetti misteriosi - TeamBuilding-it.pdf,https://teambuilding.it/preventivi/schede/ita/Oggetti misteriosi - TeamBuilding-it.pptx,https://teambuilding.it/preventivi/schede/eng/Oggetti Misteriosi - TeamBuilding-it-eng.pdf,https://teambuilding.it/preventivi/schede/eng/Mysterious objects - TeamBuilding-it-eng.pptx
Oggetti Volanti,Creativo,indoor / Outdoor,Standard,75,"Tech, Nerd, Problem Solvers","Costruzione, ingegno, fantasia",Saprete costruire degli oggetti volanti migliori dei vostri avversari?,no,si,3,Illimitato,1,2,"1,5","Attività di costruzione e problem solving, i team si sfidano lanciando degli aerei di carta.",medium,,https://www.teambuilding.it/project/flying-objects/,https://teambuilding.it/preventivi/schede/ita/Oggetti Volanti - TeamBuilding-it.pdf,https://teambuilding.it/preventivi/schede/ita/Oggetti Volanti - TeamBuilding-it.pptx,https://teambuilding.it/preventivi/schede/eng/Oggetti Volanti - TeamBuilding-it-eng.pdf,https://teambuilding.it/preventivi/schede/eng/Flying Objects - TeamBuilding-it-eng.pptx
Olympic Games,Sportivo / Giochi,Outdoor,Standard,75,"Sportivi, Grandi Gruppi","Competizione, Energia, Squadra",Accendete la fiaccola: una serie di sfide olimpiche per celebrare lo spirito di squadra.,no,no,4,Illimitato,2,4,3,Olimpiadi aziendali con diverse discipline sportive e giochi di squadra.,medium,,https://www.teambuilding.it/project/olympic-games/,https://teambuilding.it/preventivi/schede/ita/Olympic Games - TeamBuilding-it.pdf,https://teambuilding.it/preventivi/schede/ita/Olympic Games - TeamBuilding-it.pptx,https://teambuilding.it/preventivi/schede/eng/Olympic Games - TeamBuilding-it-eng.pdf,https://teambuilding.it/preventivi/schede/eng/Olympic Games - TeamBuilding-it-eng.pptx
Origami,Creativo / Zen,Indoor,Standard,65,"Pazienti, Zen","Pazienza, Precisione, Calma",L'arte della pazienza: piegate la carta e spiegate la vostra mente.,no,no,3,50,1,2,"1,5",Laboratorio per imparare l'antica arte giapponese di piegare la carta.,low,,https://www.teambuilding.it/project/origami/,https://teambuilding.it/preventivi/schede/ita/Origami - TeamBuilding-it.pdf,https://teambuilding.it/preventivi/schede/ita/Origami - TeamBuilding-it.pptx,https://teambuilding.it/preventivi/schede/eng/Origami - TeamBuilding-it-eng.pdf,https://teambuilding.it/preventivi/schede/eng/Origami - TeamBuilding-it-eng.pptx
Pasta Building,Ingegneria,Indoor,Standard,65,"Gruppi Internazionali, meccanica, sfida","Fantasia, Manualità, ingegno ",Voi e i vostri colleghi avrete l’opportunità di inventare e costruire strutture utilizzando solo pasta cruda.,no,no,5,100,2,3,"2,5","Pasta e didò saranno gli unici ""mattoncini"" che potrete utilizzare per costruire ponti e torri.",medium,Non è una attività di cucina!,https://www.teambuilding.it/project/pasta-building/,https://teambuilding.it/preventivi/schede/ita/PastaBuilding - TeamBuilding-it.pdf,https://teambuilding.it/preventivi/schede/ita/PastaBuilding - TeamBuilding-it.pptx,https://teambuilding.it/preventivi/schede/eng/Pasta Building - TeamBuilding-it-eng.pdf,https://teambuilding.it/preventivi/schede/eng/Pasta Building - TeamBuilding-it-eng.pptx
Photo Competition,Foto / Creativo,Indoor / Outdoor,Standard,90,"Creativi, Social","Visual, Gara, Espressione","Non serve una reflex, basta l'occhio giusto: la maratona fotografica per il team.",no,no,3,Illimitato,2,4,3,Gara fotografica a temi con valutazione finale degli scatti migliori.,medium,,https://www.teambuilding.it/project/photo-competition/,https://teambuilding.it/preventivi/schede/ita/PhotoCompetition - TeamBuilding-it.pdf,https://teambuilding.it/preventivi/schede/ita/PhotoCompetition - TeamBuilding-it.pptx,https://teambuilding.it/preventivi/schede/eng/Photo Competition - TeamBuilding-it-eng.pdf,https://teambuilding.it/preventivi/schede/eng/PhotoCompetition - TeamBuilding-it-eng.pptx
PiantiAmo,Green / Sociale,Outdoor,Standard,100,"CSR, Green","Natura, Futuro, Radici",Piantate oggi gli alberi che faranno respirare il domani.,si,no,4,Illimitato,2,4,3,Attività  di piantumazione di alberi in parchi o aree deforestate.,medium,"Prezzo indicativo, dipende dal tipo di piante che richiede il cliente e dalla quantità. Necessario approfondimento in fase successiva.",https://www.teambuilding.it/project/guerrilla-gardening/,https://teambuilding.it/preventivi/schede/ita/PiantiAmo - TeamBuilding-it.pdf,https://teambuilding.it/preventivi/schede/ita/PiantiAmo - TeamBuilding-it.pptx,https://teambuilding.it/preventivi/schede/eng/PiantiAmo - TeamBuilding-it-eng.pdf,https://teambuilding.it/preventivi/schede/eng/PiantiAmo - TeamBuilding-it-eng.pptx
Pixel Art,Creativo / Logica,Indoor,Flat,-,"Nerd, Creativi","Precisione, Colore, Retrà²",Un pixel alla volta: ricreate l'immagine aziendale con lo stile dei vecchi videogiochi.,no,no,3,Illimitato,1,2,"1,5",Creazione di immagini utilizzando post-it o tessere quadrate colorate.,low,,https://www.teambuilding.it/project/pixel-art/,https://teambuilding.it/preventivi/schede/ita/Pixel Art - TeamBuilding-it.pdf,https://teambuilding.it/preventivi/schede/ita/Pixel Art - TeamBuilding-it.pptx,https://teambuilding.it/preventivi/schede/eng/Pixel Art - TeamBuilding-it-eng.pdf,https://teambuilding.it/preventivi/schede/eng/PixelArt - TeamBuilding-it-eng.pptx
Pizzaman for a Day,Culinario,Indoor,Standard,100,"Gruppi Internazionali, Golosi","Italia, Gusto, Allegria",Regina o Capricciosa? Diventate pizzaioli per un giorno e sfornate il capolavoro.,no,no,4,50,2,3,"2,5","Corso pratico per imparare a stendere, condire e cuocere la vera pizza italiana.",low,,https://www.teambuilding.it/project/pizzaman-for-a-day/,https://teambuilding.it/preventivi/schede/ita/Pizzaman For a Day - TeamBuilding-it.pdf,https://teambuilding.it/preventivi/schede/ita/Pizzaman For a Day - TeamBuilding-it.pptx,https://teambuilding.it/preventivi/schede/eng/Pizzaman for a Day - TeamBuilding-it-eng.pdf,https://teambuilding.it/preventivi/schede/eng/Pizzaman For a Day - TeamBuilding-it-eng.pptx
Post-It Art,Creativo / Office,Indoor,Standard,65,"Creativi, Office","Colore, Ufficio, Sorpresa",La cancelleria diventa arte: trasformate una vetrata in un murale colorato.,no,no,3,Illimitato,1,2,"1,5",Creazione di murales e disegni su vetrate utilizzando solo post-it colorati.,low,,https://www.teambuilding.it/project/post-it-art/,https://teambuilding.it/preventivi/schede/ita/Post It Art - TeamBuilding-it.pdf,https://teambuilding.it/preventivi/schede/ita/Post It Art - TeamBuilding-it.pptx,https://teambuilding.it/preventivi/schede/eng/Post-It Art - TeamBuilding-it-eng.pdf,https://teambuilding.it/preventivi/schede/eng/Post It Art - TeamBuilding-it-eng.pptx
Quizzone,Quiz / Cena,Durante i pasti,Flat,-,"Cene Aziendali, Tutti","Cultura, Risate, Sfida","Il classico dei classici: telecomandi alla mano, chi ne sa di più vince!",no,no,4,Illimitato,"1,5","2,5",2,Gioco a quiz multimediale con pulsantiere wireless al tavolo.,low,,https://www.teambuilding.it/project/quizzone/,https://teambuilding.it/preventivi/schede/ita/QuizzOne - TeamBuilding-it.pdf,https://teambuilding.it/preventivi/schede/ita/QuizzOne - TeamBuilding-it.pptx,https://teambuilding.it/preventivi/schede/eng/Quizzone - TeamBuilding-it-eng.pdf,https://teambuilding.it/preventivi/schede/eng/QuizzOne - TeamBuilding-it-eng.pptx
Quizzonline,Quiz / Remoto,Remoto,Flat,-,"Smart Workers, Team distribuiti","Connessione, Velocità , Divertimento",La sfida arriva a casa vostra: quiz digitale per unire i team distanti.,no,no,3,Illimitato,"0,5","1,5",1,Quiz interattivo online giocabile da smartphone o pc in videoconferenza.,low,,https://www.teambuilding.it/project/quizzonline/,https://teambuilding.it/preventivi/schede/ita/QuizzOnline - TeamBuilding-it.pdf,https://teambuilding.it/preventivi/schede/ita/QuizzOnline - TeamBuilding-it.pptx,,
Rugby,Sport / Formazione,Outdoor,Standard,85,"Team ""fisici"", Sportivi","Haka, Contatto, Lealtà ",Avanzare sostenendo: i valori del rugby applicati alla meta aziendale.,no,no,5,Illimitato,2,4,3,"Training sui valori del rugby (Haka, passaggio, sostegno) senza contatto fisico pericoloso.",medium,,https://www.teambuilding.it/project/rugby/,https://teambuilding.it/preventivi/schede/ita/Rugby - TeamBuilding-it.pdf,https://teambuilding.it/preventivi/schede/ita/Rugby - TeamBuilding-it.pptx,https://teambuilding.it/preventivi/schede/eng/Rugby - TeamBuilding-it-eng.pdf,https://teambuilding.it/preventivi/schede/eng/Rugby - TeamBuilding-it-eng.pptx
Sailing,Sport / Vela,Outdoor (Mare/Lago),Standard,250,"Board, Piccoli gruppi","Vento, Ruoli, Libertà ",Tutti sulla stessa barca: regolate le vele e tenete il timone verso l'obiettivo.,no,no,4,100,3,8,4,Regata velica o veleggiata con skipper professionisti su barche a vela.,medium,"Prezzo indicativo, dipende da diversi fattori quali la stagione e la località, necessario approfondimento in una fase successiva della trattativa.",https://www.teambuilding.it/project/sailing/,https://teambuilding.it/preventivi/schede/ita/Sailing - TeamBuilding-it.pdf,https://teambuilding.it/preventivi/schede/ita/Sailing - TeamBuilding-it.pptx,https://teambuilding.it/preventivi/schede/eng/Sailing - TeamBuilding-it-eng.pdf,https://teambuilding.it/preventivi/schede/eng/Sailing - TeamBuilding-it-eng.pptx
Sailing Garda,Sport / Vela,Outdoor (Lago),Standard,150,"Board, Piccoli gruppi","Lago, Vento, Esclusività ",La bellezza del lago di Garda vista dalla prua di una barca a vela.,no,no,4,50,3,8,4,Esperienza di vela specifica sul Lago di Garda.,medium,,https://www.teambuilding.it/project/sailing-garda/,https://teambuilding.it/preventivi/schede/ita/Sailing Garda - TeamBuilding-it.pdf,https://teambuilding.it/preventivi/schede/ita/Sailing Garda - TeamBuilding-it.pptx,https://teambuilding.it/preventivi/schede/eng/Sailing Garda - TeamBuilding-it-eng.pdf,https://teambuilding.it/preventivi/schede/eng/Sailing Garda - TeamBuilding-it-eng.pptx
Santa's Helper,Sociale / Natale,Indoor,Standard,95,"Cene di Natale, CSR","Natale, Cuore, Dono",Diventate gli elfi di Babbo Natale: confezionate regali per chi ne ha più bisogno.,si,no,4,Illimitato,1,2,"1,5",Attività  di confezionamento regali o cesti natalizi da donare in beneficenza.,low,,https://www.teambuilding.it/project/santas-helpers/,https://teambuilding.it/preventivi/schede/ita/Santa s helper - TeamBuilding-it .pdf,https://teambuilding.it/preventivi/schede/ita/Santa s helper - TeamBuilding-it .pptx,https://teambuilding.it/preventivi/schede/eng/Santa's Helper - TeamBuilding-it-eng.pdf,https://teambuilding.it/preventivi/schede/eng/Santa s helper - TeamBuilding-it - eng.pptx
Sarabanda,Musica / Quiz,Durante i pasti,flat,-,"Cene Aziendali, Melomani","Musica, Memoria, Ballo",La indovino con una? Riconoscete le hit musicali e scatenatevi!,no,no,3,Illimitato,1,2,"1,5",Quiz musicale dove bisogna indovinare titolo e autore delle canzoni ascoltate.,low,,https://www.teambuilding.it/project/sarabanda/,https://teambuilding.it/preventivi/schede/ita/Sarabanda - TeamBuilding-it.pdf,https://teambuilding.it/preventivi/schede/ita/Sarabanda - TeamBuilding-it.pptx,https://teambuilding.it/preventivi/schede/eng/Sarabanda - TeamBuilding-it-eng.pdf,https://teambuilding.it/preventivi/schede/eng/Sarabanda - TeamBuilding-it-eng.pptx
Scolpisci,Creativo / Scultura,Indoor,Standard,85,"Artistici, Manualità ","Arte, Forma, Materia",Liberate la forma dalla materia: scolpite il vostro successo nel blocco grezzo.,no,no,3,50,2,4,3,Laboratorio di scultura su gasbeton (materiale friabile) per creare opere d'arte.,low,,https://www.teambuilding.it/project/scolpisci/,https://teambuilding.it/preventivi/schede/ita/Scolpisci - TeamBuilding-it.pdf,https://teambuilding.it/preventivi/schede/ita/Scolpisci - TeamBuilding-it.pptx,https://teambuilding.it/preventivi/schede/eng/Scolpisci - TeamBuilding-it-eng.pdf,https://teambuilding.it/preventivi/schede/eng/Scolpisci - TeamBuilding-it-eng.pptx
Shackleton,Formativo / Ghiaccio,Indoor,Standard,110,"Manager, Team in crisi","Leadership, Crisi, Sopravvivenza",Imparare a guidare nel ghiaccio: la lezione di leadership più estrema della storia.,no,no,5,50,2,4,3,Team building formativo basato sulla storia della spedizione antartica di Shackleton.,high,,https://www.teambuilding.it/project/shackleton/,https://teambuilding.it/preventivi/schede/ita/Shackleton - TeamBuilding-it.pdf,https://teambuilding.it/preventivi/schede/ita/Shackleton - TeamBuilding-it.pptx,https://teambuilding.it/preventivi/schede/eng/Shackleton - TeamBuilding-it-eng.pdf,https://teambuilding.it/preventivi/schede/eng/Shackleton - TeamBuilding-it-eng.pptx
Slitte Pazze,Costruzione / Neve,Outdoor (Neve),Standard,90,"Giovani, Neve","Neve, Risate, Velocità ","Non serve la neve per scivolare, basta la follia! (Ma se c'è neve è meglio).",no,no,4,Illimitato,2,3,"2,5",Costruzione di slitte stravaganti con cartone e materiali di recupero e gara di discesa.,high,,https://www.teambuilding.it/project/slitte-pazze/,https://teambuilding.it/preventivi/schede/ita/Slitte Pazze - TeamBuilding-it.pdf,https://teambuilding.it/preventivi/schede/ita/Slitte Pazze - TeamBuilding-it.pptx,https://teambuilding.it/preventivi/schede/eng/Slitte Pazze - TeamBuilding-it-eng.pdf,https://teambuilding.it/preventivi/schede/eng/Crazy Sleds - TeamBuilding-it-eng.pptx
Smart Team Challenge,Tech / Robot,Indoor / Outdoor,Standard,90,"Giovani, Tech","Tecnologia, Sfida, Velocità ",Sfida a squadre nella costruzione e programmazione di piccoli robot,no,no,4,Illimitato,"1,5",3,"2,5","I team devono costruire dei piccoli robot, aggiungere delle funzioni e programmarle.",high,,https://www.teambuilding.it/project/smart-team-challenge/,https://teambuilding.it/preventivi/schede/ita/Smart Team Challenge- TeamBuilding-it.pdf,https://teambuilding.it/preventivi/schede/ita/Smart Team Challenge- TeamBuilding-it.pptx,https://teambuilding.it/preventivi/schede/eng/Smart Team Challenge - TeamBuilding-it-eng.pdf,https://teambuilding.it/preventivi/schede/eng/Smart Team Challenge- TeamBuilding-it - eng.pptx
Social Team Building,Sociale / CSR,Indoor / Outdoor,Standard,120,"CSR, Aziende Etiche","Cuore, Utilità , Emozione","Fate del bene, fatelo insieme. Un team building che lascia il segno nel cuore.",si,no,5,Illimitato,2,6,4,"Attività  generica di volontariato o supporto a onlus (pittura muri, giardinaggio, ecc).",high,"Prezzo indicativo, può salire o scendere in base al reale intervento che andremo a progettare con il cliente e con il destinatario. Necessario approfondimento in una fase successiva della trattativa.",https://www.teambuilding.it/project/social-team-building/,https://teambuilding.it/preventivi/schede/ita/Social Team Building San Patrignano - TeamBuilding-it.pdf,https://teambuilding.it/preventivi/schede/ita/Social Team Building San Patrignano - TeamBuilding-it.pptx,https://teambuilding.it/preventivi/schede/eng/Social Team Building - TeamBuilding-it-eng.pdf,
Softair LaserTag,Avventura / Guerra,Outdoor,Standard,90,"Giovani, Competitivi","Strategia, Azione, Adrenalina",Missione operativa: stategia militare e azione senza esclusione di colpi (innocui).,no,no,3,Illimitato,2,4,3,Simulazione di combattimento con repliche di armi (softair) o puntatori laser (lasertag).,medium,,https://www.teambuilding.it/project/lasertag/,https://teambuilding.it/preventivi/schede/ita/Softair-LaserTag - TeamBuilding-it.pdf,https://teambuilding.it/preventivi/schede/ita/Softair-LaserTag - TeamBuilding-it.pptx,https://teambuilding.it/preventivi/schede/eng/Softair LaserTag - TeamBuilding-it-eng.pdf,https://teambuilding.it/preventivi/schede/eng/Softair LaserTag - TeamBuilding-it-eng.pptx
Squid Game,Giochi / Serie TV,Indoor / Outdoor,Standard,85,"Fan serie TV, Giovani","Tensione, Gioco, Trend","Un, due, tre... Stella! Sopravvivete ai giochi dell'infanzia in versione corporate.",no,si,4,Illimitato,2,3,"2,5",Serie di giochi a eliminazione ispirati alla famosa serie TV (senza violenza).,low,,https://www.teambuilding.it/project/squid-game/,https://teambuilding.it/preventivi/schede/ita/Squid Game - TeamBuilding-it.pdf,https://teambuilding.it/preventivi/schede/ita/Squid Game - TeamBuilding-it.pptx,https://teambuilding.it/preventivi/schede/eng/Squid Game - TeamBuilding-it-eng.pdf,https://teambuilding.it/preventivi/schede/eng/Squid Game - TeamBuilding-it - eng.pptx
Street Fundraising,Sociale / Vendita,Outdoor,Standard,95,"Commerciali, Sales","Vendita, Faccia tosta, Sociale",Venditori nati? Provatelo in strada raccogliendo fondi per una buona causa.,si,no,3,50,2,4,3,Gara a chi raccoglie più fondi per una onlus fermando i passanti per strada.,low,,https://www.teambuilding.it/project/street-fundraising/,https://teambuilding.it/preventivi/schede/ita/Street Fundraising - TeamBuilding-it.pdf,https://teambuilding.it/preventivi/schede/ita/Street FundRaising - TeamBuilding-it.pptx,https://teambuilding.it/preventivi/schede/eng/Street Fundraising - TeamBuilding-it-eng.pdf,https://teambuilding.it/preventivi/schede/eng/Street FundRaising - TeamBuilding-it-eng.pptx
Stuntman,Cinema / Azione,Outdoor,Standard,150,"Audaci, Cinema","Azione, Cinema, Coraggio","Luci, Motori, Azione! Diventate gli eroi di un film d'azione per un giorno.",no,no,3,Illimitato,2,4,3,"Laboratorio per imparare tecniche di stunt cinematografico (cadute, combattimenti finti).",low,"Prezzo indicativo, varia in base a diverse variabili, tra cui l'autodromo dove si svolge l'attività, la stagione, il numero di auto a disposizione. Necessario approfondimento in una fase successiva della trattativa.",https://www.teambuilding.it/project/stunt-man/,https://teambuilding.it/preventivi/schede/ita/StuntMan - TeamBuilding-it.pdf,https://teambuilding.it/preventivi/schede/ita/StuntMan - TeamBuilding-it.pptx,https://teambuilding.it/preventivi/schede/eng/Stuntman - TeamBuilding-it-eng.pdf,https://teambuilding.it/preventivi/schede/eng/Stuntman - TeamBuilding-it-eng.pptx
Survival,Avventura / Natura,Outdoor,Standard,90,"Avventurosi, Team Building puro","Natura, Fuoco, Sopravvivenza",Dispersi nella natura: avete quello che serve per accendere il fuoco e sopravvivere?,no,no,4,Illimitato,3,8,4,"Corso di sopravvivenza: accensione fuoco, costruzione riparo, orientamento.",high,,https://www.teambuilding.it/project/survival/,https://teambuilding.it/preventivi/schede/ita/Survival - TeamBuilding-it.pdf,https://teambuilding.it/preventivi/schede/ita/Survival - TeamBuilding-it.pptx,https://teambuilding.it/preventivi/schede/eng/Survival - TeamBuilding-it-eng.pdf,https://teambuilding.it/preventivi/schede/eng/Survival - TeamBuilding-it-eng.pptx
Sushi San,Culinario,Indoor,Standard,110,"Amanti Sushi, Precisione","Giappone, Precisione, Gusto",L'arte del sushi: precisione zen e gusto orientale nelle vostre mani.,no,no,4,50,2,3,"2,5",Corso pratico per imparare a preparare sushi e maki giapponesi.,low,,https://www.teambuilding.it/project/sushi-san/,https://teambuilding.it/preventivi/schede/ita/Sushi San - TeamBuilding-it.pdf,https://teambuilding.it/preventivi/schede/ita/Sushi San - TeamBuilding-it.pptx,https://teambuilding.it/preventivi/schede/eng/Sushi San - TeamBuilding-it-eng.pdf,https://teambuilding.it/preventivi/schede/eng/Sushi San - TeamBuilding-it-eng.pptx
SWAT,Avventura / Tattica,Outdoor,Standard,95,"Uomini, Tattici","Tattica, Irruzione, Adrenalina",Squadra Speciale in azione: pianificate l'irruzione e salvate l'ostaggio.,no,no,3,40,3,5,4,Addestramento tattico speciale con simulazioni di irruzioni e liberazione ostaggi.,high,,https://www.teambuilding.it/project/swat/,https://teambuilding.it/preventivi/schede/ita/Swat - TeamBuilding-it.pdf,https://teambuilding.it/preventivi/schede/ita/Swat - TeamBuilding-it.pptx,https://teambuilding.it/preventivi/schede/eng/SWAT - TeamBuilding-it-eng.pdf,https://teambuilding.it/preventivi/schede/eng/Swat - TeamBuilding-it-eng.pptx
Tableau Vivant,Creativo / Arte,Indoor,Standard,85,"Creativi, Artistici","Arte, Posa, Storia",Entrate nel quadro: ricreate i capolavori dell'arte con i vostri corpi e oggetti.,no,no,3,Illimitato,"1,5","2,5",2,I team devono ricreare dal vivo famosi quadri utilizzando costumi e oggetti di scena.,low,,https://www.teambuilding.it/project/tableau-vivant/,https://teambuilding.it/preventivi/schede/ita/Tableau Vivant - TeamBuilding-it.pdf,https://teambuilding.it/preventivi/schede/ita/Tableau Vivant - TeamBuilding-it.pptx,https://teambuilding.it/preventivi/schede/eng/Tableau Vivant - TeamBuilding-it-eng.pdf,https://teambuilding.it/preventivi/schede/eng/Tableau Vivant - TeamBuilding-it-eng.pptx
Talent Factory,Show / Talent,Indoor,Standard,75,"Estroversi, Grandi Gruppi","Talento, Show, Applausi",X-Factor aziendale: scoprite chi nasconde una voce d'oro o un talento magico.,si,no,4,Illimitato,2,4,3,Talent show aziendale dove i dipendenti si esibiscono nei loro talenti nascosti.,low,,https://www.teambuilding.it/project/talent-factory/,https://teambuilding.it/preventivi/schede/ita/Talent Factory - TeamBuilding-it.pdf,https://teambuilding.it/preventivi/schede/ita/Talent Factory - TeamBuilding-it.pptx,https://teambuilding.it/preventivi/schede/eng/Talent Factory - TeamBuilding-it-eng.pdf,https://teambuilding.it/preventivi/schede/eng/Talent Factory - TeamBuilding-it-eng.pptx
Team Beat,Musica / Percussioni,Indoor,Standard,80,"Grandi Convention, Ice-breaker","Energia, Ritmo, Unisono","Un solo ritmo, un solo cuore: trasformate il meeting in un'orchestra di percussioni.",no,no,5,Illimitato,"0,5","1,5",1,Attività  di percussioni corporee o con tubi sonori (boomwhackers) per creare ritmo.,medium,,https://www.teambuilding.it/project/team-beat/,https://teambuilding.it/preventivi/schede/ita/Team Beat - TeamBuilding-it.pdf,https://teambuilding.it/preventivi/schede/ita/Team Beat - TeamBuilding-it.pptx,https://teambuilding.it/preventivi/schede/eng/Team Beat - TeamBuilding-it-eng.pdf,https://teambuilding.it/preventivi/schede/eng/Team Beat - TeamBuilding-it-eng.pptx
The Box,Costruzione / Enigmi,Indoor,flat,-,"Problem Solvers, Creativi","Mistero, Incastro, Sorpresa",Non pensate fuori dalla scatola... entrateci! E scoprite cosa nasconde.,no,no,3,Illimitato,"1,5","2,5",2,I team entrano in grandi scatole e devono risolvere enigmi per interagire con l'esterno.,low,,https://www.teambuilding.it/project/the-box/,https://teambuilding.it/preventivi/schede/ita/The Box - TeamBuilding-it.pdf,https://teambuilding.it/preventivi/schede/ita/The Box - TeamBuilding-it.pptx,https://teambuilding.it/preventivi/schede/eng/The Box - TeamBuilding-it-eng.pdf,https://teambuilding.it/preventivi/schede/eng/The Box - TeamBuilding-it-eng.pptx
The Comic Side of Work,Teatrale / Comico,Indoor,Standard,80,"Team stressati, Autoironia","Risate, Ironia, Leggerezza",Ridere del lavoro fa lavorare meglio: trasformate i problemi in sketch comici.,no,no,4,Illimitato,2,4,3,Laboratorio di cabaret e comicità  focalizzato sulle dinamiche lavorative.,high,,https://www.teambuilding.it/project/the-comic-side-of-work/,https://teambuilding.it/preventivi/schede/ita/The Comic Side of Work - TeamBuilding-it.pdf,https://teambuilding.it/preventivi/schede/ita/The Comic Side of Work - TeamBuilding-it.pptx,https://teambuilding.it/preventivi/schede/eng/The Comic Side of Work - TeamBuilding-it-eng.pdf,https://teambuilding.it/preventivi/schede/eng/The Comic Side of Work- eng - TeamBuilding -it.pptx
Tinkering,Costruzione / Creativo,Indoor,Standard,75,"Ingegneri, Curiosi","Invenzione, Meccanica, Gioco",Pensare con le mani: inventate macchine inutili ma geniali.,no,si,3,Illimitato,"1,5",3,2,"Attività  di ""bricolage creativo"" per costruire macchine o reazioni a catena.",high,,https://www.teambuilding.it/project/tinkering/,https://teambuilding.it/preventivi/schede/ita/Tinkering - TeamBuilding-it.pdf,https://teambuilding.it/preventivi/schede/ita/Tinkering - TeamBuilding-it.pptx,https://teambuilding.it/preventivi/schede/eng/Tinkering - TeamBuilding-it-eng.pdf,https://teambuilding.it/preventivi/schede/eng/Tinkering - TeamBuilding-it-eng.pptx
Tombola Beat,Musica / Gioco,Cena / Aperitivo,Flat,-,"Cene di Natale, Feste","Ritmo, Fortuna, Festa","Non la solita tombola: numeri, ritmo e premi a tempo di musica.",no,si,3,Illimitato,1,2,"1,5",Gioco della tombola animato con intermezzi musicali e ritmici.,low,,https://www.teambuilding.it/project/tombola-beat/,https://teambuilding.it/preventivi/schede/ita/Tombola Beat - TeamBuilding-it.pdf,https://teambuilding.it/preventivi/schede/ita/Tombola Beat - TeamBuilding-it.pptx,https://teambuilding.it/preventivi/schede/eng/Tombola Beat - TeamBuilding-it-eng.pdf,https://teambuilding.it/preventivi/schede/eng/Tombola beat - TeamBuilding-it - eng.pptx
Treasure Hunt,Caccia al tesoro,Outdoor (Città ),Standard,75,"Turisti, Gruppi Internazionali","Scoperta, Città , Gioco",La città  è il vostro tabellone di gioco: scopritene i tesori nascosti.,no,no,4,Illimitato,2,4,3,"Classica caccia al tesoro in città  con mappa, indizi e tappe da raggiungere.",low,,https://www.teambuilding.it/project/treasure-hunt/,https://teambuilding.it/preventivi/schede/ita/Treasure Hunt - TeamBuilding-it.pdf,https://teambuilding.it/preventivi/schede/ita/Treasure Hunt - TeamBuilding-it.pptx,https://teambuilding.it/preventivi/schede/eng/Treasure Hunt - TeamBuilding-it-eng.pdf,https://teambuilding.it/preventivi/schede/eng/Treasure Hunt - TeamBuilding-it-eng.pptx
Unlock and Drink,Enigmi / Aperitivo,Aperitivo,Standard,90,"Aperitivi, Ice-breaking","Sete, Enigma, Brindisi","Il drink è là, dentro la gabbia. Se volete bere, dovete sbloccarlo!",no,si,3,Illimitato,"0,5",1,"0,5",Piccoli enigmi da risolvere per sbloccare la cassaforte che contiene il drink.,medium,,https://www.teambuilding.it/project/unlock-and-drink/,https://teambuilding.it/preventivi/schede/ita/Unlock and drink- TeamBuilding-it.pdf,https://teambuilding.it/preventivi/schede/ita/Unlock and drink- TeamBuilding-it.pptx,https://teambuilding.it/preventivi/schede/eng/Unlock and Drink - TeamBuilding-it-eng.pdf,https://teambuilding.it/preventivi/schede/eng/Unlock and drink- TeamBuilding-eng .pptx
Vertical Garden,Green / Costruzione,Indoor,Standard,95,"Green, Ufficio","Verde, Design, Costruzione",Portate il verde in alto: costruite giardini verticali per i vostri spazi o per donarli.,si,no,4,Illimitato,2,3,"2,5",Costruzione di orti verticali in legno per uffici o balconi.,medium,,https://www.teambuilding.it/project/vertical-garden/,https://teambuilding.it/preventivi/schede/ita/Vertical Garden - TeamBuilding-it.pdf,https://teambuilding.it/preventivi/schede/ita/Vertical Garden - TeamBuilding-it.pptx,https://teambuilding.it/preventivi/schede/eng/Vertical Garden - TeamBuilding-it-eng.pdf,https://teambuilding.it/preventivi/schede/eng/Vertical Garden - TeamBuilding-it-eng.pptx
Vintage Tours,Guida / Tour,Outdoor,Standard,250,"Turisti, Amanti vintage","Dolce Vita, Motori, Panorama",Un tuffo nella Dolce Vita: alla guida di auto e moto d'epoca nei luoghi più belli d'Italia.,no,no,2,50,2,4,3,Tour guidati con auto d'epoca (Fiat 500) o Vespe in località  turistiche.,low,,https://www.teambuilding.it/project/vintage-tour/,https://teambuilding.it/preventivi/schede/ita/Vintage Tours - TeamBuilding-it.pdf,https://teambuilding.it/preventivi/schede/ita/Vintage Tours - TeamBuilding-it.pptx,https://teambuilding.it/preventivi/schede/eng/Vintage Tours - TeamBuilding-it-eng.pdf,https://teambuilding.it/preventivi/schede/eng/Vintage Tours - TeamBuilding-it-eng.pptx
Virtual Escape Box,Escape / Remoto,Remoto,Standard,60,Smart Workers,"Online, Logica, Connessione",Escape room digitale: risolvete il mistero collaborando a distanza con il vostro avatar.,no,no,2,Illimitato,1,"1,5","1,5",Risoluzione di enigmi online in videochiamata con un avatar reale.,low,,https://www.teambuilding.it/project/virtual-escape-box/,https://teambuilding.it/preventivi/schede/ita/Virtual Escape Box - TeamBuilding-it.pdf,https://teambuilding.it/preventivi/schede/ita/Virtual Escape Box - TeamBuilding-it.pptx,https://teambuilding.it/preventivi/schede/eng/Virtual Escape Box - TeamBuilding-it-eng.pdf,https://teambuilding.it/preventivi/schede/eng/Virtual Escape Box - TeamBuilding-it - eng.pptx
Yacht Day,Lusso / Mare,Outdoor,Standard,250,"VIP, Top Management","Mare, Lusso, Sole",Relax e lusso in mare aperto: un'esperienza esclusiva per chi punta all'eccellenza.,no,no,1,10,6,8,6,Giornata in barca a motore di lusso con skipper e attività  a bordo.,medium,"Prezzo indicativo, dipende molto dalla stagione, dalla località e il numero dei partecipanti. Indispensabile approfondimento in trattativa.",https://www.teambuilding.it/project/yacht-day/,https://teambuilding.it/preventivi/schede/ita/Yacht Day - TeamBuilding-it.pdf,https://teambuilding.it/preventivi/schede/ita/Yacht Day - TeamBuilding-it.pptx,https://teambuilding.it/preventivi/schede/eng/Yacht Day - TeamBuilding-it-eng.pdf,https://teambuilding.it/preventivi/schede/eng/Yacht Day - TeamBuilding-it-eng.pptx